,ForecastID,Province_State,Date,Confirmed,Deaths
0,0,Alabama,09-01-2020,-1.0,-1.0
1,1,Alaska,09-01-2020,5340.970466862433,41.3623652956488
2,2,Arizona,09-01-2020,202875.05113363787,-1.0
3,3,Arkansas,09-01-2020,-1.0,-1.0
4,4,California,09-01-2020,719744.6494883315,13242.345627672385
5,5,Colorado,09-01-2020,57934.586862216944,1951.518693090217
6,6,Connecticut,09-01-2020,-1.0,4468.161315709389
7,7,Delaware,09-01-2020,17338.981944390576,608.9421310738841
8,8,Florida,09-01-2020,628982.8981286489,-1.0
9,9,Georgia,09-01-2020,274471.5827946259,5735.613533533945
10,10,Hawaii,09-01-2020,-1.0,-1.0
11,11,Idaho,09-01-2020,32505.563164920703,-1.0
12,12,Illinois,09-01-2020,238831.96798500099,8274.36036466757
13,13,Indiana,09-01-2020,-1.0,3316.8011722090437
14,14,Iowa,09-01-2020,65387.479882513355,1133.3320558985463
15,15,Kansas,09-01-2020,-1.0,457.52679674558686
16,16,Kentucky,09-01-2020,-1.0,948.3663886110563
17,17,Louisiana,09-01-2020,-1.0,5027.901288624272
18,18,Maine,09-01-2020,4536.799214836411,134.4067899430139
19,19,Maryland,09-01-2020,108867.3906454225,3764.277288897876
20,20,Massachusetts,09-01-2020,,-1.0
21,21,Michigan,09-01-2020,,-1.0
22,22,Minnesota,09-01-2020,-1.0,1888.7727969164666
23,23,Mississippi,09-01-2020,-1.0,2518.840016171028
24,24,Missouri,09-01-2020,-1.0,1530.9963522311086
25,25,Montana,09-01-2020,7524.075161660805,107.2419925852417
26,26,Nebraska,09-01-2020,-1.0,-1.0
27,27,Nevada,09-01-2020,69895.17435675043,-1.0
28,28,New Hampshire,09-01-2020,7294.269944767738,432.98236548108065
29,29,New Jersey,09-01-2020,192052.5291312695,15924.973240947455
30,30,New Mexico,09-01-2020,25591.320721957836,780.863775909436
31,31,New York,09-01-2020,,
32,32,North Carolina,09-01-2020,168995.14561584656,2742.5500512725334
33,33,North Dakota,09-01-2020,-1.0,144.9840417149501
34,34,Ohio,09-01-2020,-1.0,-1.0
35,35,Oklahoma,09-01-2020,59103.68408521464,-1.0
36,36,Oregon,09-01-2020,-1.0,460.8156627064325
37,37,Pennsylvania,09-01-2020,139205.22834086797,7692.635637903393
38,38,Rhode Island,09-01-2020,22019.738139551606,-1.0
39,39,South Carolina,09-01-2020,119178.49321707945,2763.2599401389066
40,40,South Dakota,09-01-2020,13192.505396873368,168.10185412465754
41,41,Tennessee,09-01-2020,156027.25105959384,1800.8941670150823
42,42,Texas,09-01-2020,639965.8815829424,13107.732708561467
43,43,Utah,09-01-2020,52423.13189998014,418.7296533401004
44,44,Vermont,09-01-2020,1620.667234477458,57.987721281269536
45,45,Virginia,09-01-2020,-1.0,2604.3633942424585
46,46,Washington,09-01-2020,,1929.9102180420746
47,47,West Virginia,09-01-2020,10178.35609009032,218.53719486506313
48,48,Wisconsin,09-01-2020,76639.24191300465,-1.0
49,49,Wyoming,09-01-2020,-1.0,-1.0
50,50,Alabama,09-02-2020,-1.0,-1.0
51,51,Alaska,09-02-2020,5406.77074637779,42.31055975158382
52,52,Arizona,09-02-2020,203413.56436428693,-1.0
53,53,Arkansas,09-02-2020,-1.0,-1.0
54,54,California,09-02-2020,725189.6268008873,13361.773434812083
55,55,Colorado,09-02-2020,58256.506979807054,1956.0094245550883
56,56,Connecticut,09-02-2020,-1.0,4469.231994054903
57,57,Delaware,09-02-2020,17395.324269414934,609.6596561521503
58,58,Florida,09-02-2020,632246.2015617181,-1.0
59,59,Georgia,09-02-2020,276732.53995930846,5803.944499027735
60,60,Hawaii,09-02-2020,-1.0,-1.0
61,61,Idaho,09-02-2020,32795.03601014417,-1.0
62,62,Illinois,09-02-2020,240752.3712206803,8293.916802860866
63,63,Indiana,09-02-2020,-1.0,3328.269370780224
64,64,Iowa,09-02-2020,66302.69967996032,1143.2010212232583
65,65,Kansas,09-02-2020,-1.0,460.77584784693767
66,66,Kentucky,09-02-2020,-1.0,955.8922259202435
67,67,Louisiana,09-02-2020,-1.0,5060.760175140299
68,68,Maine,09-02-2020,4559.714719964242,134.92862534784095
69,69,Maryland,09-02-2020,109416.79711486622,3773.824948356439
70,70,Massachusetts,09-02-2020,,-1.0
71,71,Michigan,09-02-2020,,-1.0
72,72,Minnesota,09-02-2020,-1.0,1897.3209900984707
73,73,Mississippi,09-02-2020,-1.0,2549.5423723152035
74,74,Missouri,09-02-2020,-1.0,1539.5700009990012
75,75,Montana,09-02-2020,7642.8473863388,108.86501411434342
76,76,Nebraska,09-02-2020,-1.0,-1.0
77,77,Nevada,09-02-2020,70363.93186371759,-1.0
78,78,New Hampshire,09-02-2020,7314.95414281247,433.5621182887181
79,79,New Jersey,09-02-2020,192280.4132989278,15918.164516407267
80,80,New Mexico,09-02-2020,25729.034714570927,784.917081454902
81,81,New York,09-02-2020,,
82,82,North Carolina,09-02-2020,170566.00466822903,2765.3605229641935
83,83,North Dakota,09-02-2020,-1.0,146.08868949755768
84,84,Ohio,09-02-2020,-1.0,-1.0
85,85,Oklahoma,09-02-2020,59785.01568568345,-1.0
86,86,Oregon,09-02-2020,-1.0,465.16925431858573
87,87,Pennsylvania,09-02-2020,139830.86786273285,7706.010116935268
88,88,Rhode Island,09-02-2020,22111.979091211568,-1.0
89,89,South Carolina,09-02-2020,119976.33875486671,2793.235079033294
90,90,South Dakota,09-02-2020,13386.344515417319,169.1133998478196
91,91,Tennessee,09-02-2020,157493.44104592933,1825.9934728301841
92,92,Texas,09-02-2020,644953.1157984057,13256.207960893084
93,93,Utah,09-02-2020,52790.32474423045,422.0924594562475
94,94,Vermont,09-02-2020,1627.1878533934741,57.9660253342939
95,95,Virginia,09-02-2020,-1.0,2619.906949081449
96,96,Washington,09-02-2020,,1937.9489125118587
97,97,West Virginia,09-02-2020,10265.88375824512,222.7215016852589
98,98,Wisconsin,09-02-2020,77343.1812477667,-1.0
99,99,Wyoming,09-02-2020,-1.0,-1.0
100,100,Alabama,09-03-2020,-1.0,-1.0
101,101,Alaska,09-03-2020,5472.148003838486,43.23555154709103
102,102,Arizona,09-03-2020,203954.67951643793,-1.0
103,103,Arkansas,09-03-2020,-1.0,-1.0
104,104,California,09-03-2020,730621.1441766769,13480.90431778177
105,105,Colorado,09-03-2020,58582.42403429633,1960.868698115264
106,106,Connecticut,09-03-2020,-1.0,4470.4006026066245
107,107,Delaware,09-03-2020,17453.79069025044,610.2797389097078
108,108,Florida,09-03-2020,635500.2518886474,-1.0
109,109,Georgia,09-03-2020,278974.98965850845,5872.641955512132
110,110,Hawaii,09-03-2020,-1.0,-1.0
111,111,Idaho,09-03-2020,33082.954961609816,-1.0
112,112,Illinois,09-03-2020,242652.26102454113,8312.781014748714
113,113,Indiana,09-03-2020,-1.0,3340.316137768967
114,114,Iowa,09-03-2020,67208.52110734448,1153.0212619966655
115,115,Kansas,09-03-2020,-1.0,464.012866913436
116,116,Kentucky,09-03-2020,-1.0,963.2388044010177
117,117,Louisiana,09-03-2020,-1.0,5094.356391034987
118,118,Maine,09-03-2020,4583.010741036863,135.46313995806366
119,119,Maryland,09-03-2020,109971.01408831065,3783.763382957204
120,120,Massachusetts,09-03-2020,,-1.0
121,121,Michigan,09-03-2020,,-1.0
122,122,Minnesota,09-03-2020,-1.0,1905.9193208296178
123,123,Mississippi,09-03-2020,-1.0,2579.5779025296656
124,124,Missouri,09-03-2020,-1.0,1548.3516072304178
125,125,Montana,09-03-2020,7763.265739838121,110.4312416001078
126,126,Nebraska,09-03-2020,-1.0,-1.0
127,127,Nevada,09-03-2020,70815.28890405268,-1.0
128,128,New Hampshire,09-03-2020,7335.866772277243,434.1866693954236
129,129,New Jersey,09-03-2020,192493.92570694743,15910.048271058022
130,130,New Mexico,09-03-2020,25866.359785535064,789.0244704126927
131,131,New York,09-03-2020,,
132,132,North Carolina,09-03-2020,172133.60122809865,2787.7660471260647
133,133,North Dakota,09-03-2020,-1.0,147.21092964950958
134,134,Ohio,09-03-2020,-1.0,-1.0
135,135,Oklahoma,09-03-2020,60463.437019627934,-1.0
136,136,Oregon,09-03-2020,-1.0,469.4841524386381
137,137,Pennsylvania,09-03-2020,140458.13570339765,7718.635163632542
138,138,Rhode Island,09-03-2020,22202.42959761196,-1.0
139,139,South Carolina,09-03-2020,120765.81650236741,2823.371182289423
140,140,South Dakota,09-03-2020,13576.878446429237,170.1781539976433
141,141,Tennessee,09-03-2020,158979.98333419047,1850.972671122608
142,142,Texas,09-03-2020,649910.9718478929,13402.540742572743
143,143,Utah,09-03-2020,53157.23871807116,425.43604356816525
144,144,Vermont,09-03-2020,1633.5145130656047,57.93210169949612
145,145,Virginia,09-03-2020,-1.0,2635.5076196922428
146,146,Washington,09-03-2020,,1946.1507051688593
147,147,West Virginia,09-03-2020,10352.350322070126,226.84069999188998
148,148,Wisconsin,09-03-2020,78046.13032546354,-1.0
149,149,Wyoming,09-03-2020,-1.0,-1.0
150,150,Alabama,09-04-2020,-1.0,-1.0
151,151,Alaska,09-04-2020,5537.108229477932,44.14023153825031
152,152,Arizona,09-04-2020,204500.69360267627,-1.0
153,153,Arkansas,09-04-2020,-1.0,-1.0
154,154,California,09-04-2020,736039.3333713422,13599.741784076834
155,155,Colorado,09-04-2020,58908.07119137965,1966.087203623153
156,156,Connecticut,09-04-2020,-1.0,4471.666933865026
157,157,Delaware,09-04-2020,17514.296407448186,610.8105224414018
158,158,Florida,09-04-2020,638748.9231377634,-1.0
159,159,Georgia,09-04-2020,281199.0045470985,5941.26970929235
160,160,Hawaii,09-04-2020,-1.0,-1.0
161,161,Idaho,09-04-2020,33369.39768870899,-1.0
162,162,Illinois,09-04-2020,244530.0789420912,8330.986591756291
163,163,Indiana,09-04-2020,-1.0,3352.7009764940267
164,164,Iowa,09-04-2020,68105.15804201002,1162.7938546186663
165,165,Kansas,09-04-2020,-1.0,467.2383953137239
166,166,Kentucky,09-04-2020,-1.0,970.4285406589033
167,167,Louisiana,09-04-2020,-1.0,5127.592541704031
168,168,Maine,09-04-2020,4606.6483086085245,136.0100164777003
169,169,Maryland,09-04-2020,110530.56511109376,3794.1055216748105
170,170,Massachusetts,09-04-2020,,-1.0
171,171,Michigan,09-04-2020,,-1.0
172,172,Minnesota,09-04-2020,-1.0,1914.5670318036484
173,173,Mississippi,09-04-2020,-1.0,2608.7032303011288
174,174,Missouri,09-04-2020,-1.0,1557.309251982354
175,175,Montana,09-04-2020,7886.626050784665,111.96730594480235
176,176,Nebraska,09-04-2020,-1.0,-1.0
177,177,Nevada,09-04-2020,71249.32331191824,-1.0
178,178,New Hampshire,09-04-2020,7357.005704791724,434.8522741181703
179,179,New Jersey,09-04-2020,192695.96274672393,15898.31963900047
180,180,New Mexico,09-04-2020,26003.86241965487,793.1832867902726
181,181,New York,09-04-2020,,
182,182,North Carolina,09-04-2020,173697.21907838047,2809.7786711876165
183,183,North Dakota,09-04-2020,-1.0,148.30807640588066
184,184,Ohio,09-04-2020,-1.0,-1.0
185,185,Oklahoma,09-04-2020,61138.4640003209,-1.0
186,186,Oregon,09-04-2020,-1.0,473.7686014122026
187,187,Pennsylvania,09-04-2020,141087.39758154066,7730.917524707949
188,188,Rhode Island,09-04-2020,22290.92648222602,-1.0
189,189,South Carolina,09-04-2020,121547.08579153106,2853.6868434593575
190,190,South Dakota,09-04-2020,13764.228931200763,171.29091136741238
191,191,Tennessee,09-04-2020,160436.73900061546,1875.8330325944978
192,192,Texas,09-04-2020,654841.2400942991,13546.809334901169
193,193,Utah,09-04-2020,53523.704730759804,428.7610684514395
194,194,Vermont,09-04-2020,1639.666976613274,57.88871071561379
195,195,Virginia,09-04-2020,-1.0,2651.257421958843
196,196,Washington,09-04-2020,,1954.5094486925577
197,197,West Virginia,09-04-2020,10437.922019663065,230.89679153492702
198,198,Wisconsin,09-04-2020,78747.56996042427,-1.0
199,199,Wyoming,09-04-2020,-1.0,-1.0
200,200,Alabama,09-05-2020,-1.0,-1.0
201,201,Alaska,09-05-2020,5601.657328704418,45.02720067369654
202,202,Arizona,09-05-2020,205053.85668348518,-1.0
203,203,Arkansas,09-05-2020,-1.0,-1.0
204,204,California,09-05-2020,741444.3248508051,13718.289299759452
205,205,Colorado,09-05-2020,59235.640700405434,1971.6519814589774
206,206,Connecticut,09-05-2020,-1.0,4473.030780770242
207,207,Delaware,09-05-2020,17576.760006974604,611.2587615374957
208,208,Florida,09-05-2020,641995.9530472155,-1.0
209,209,Georgia,09-05-2020,283404.6872690367,6010.03637566496
210,210,Hawaii,09-05-2020,-1.0,-1.0
211,211,Idaho,09-05-2020,33654.419809848034,-1.0
212,212,Illinois,09-05-2020,246384.36051292418,8348.978817842073
213,213,Indiana,09-05-2020,-1.0,3365.540730422409
214,214,Iowa,09-05-2020,68992.81949412542,1172.5198517098374
215,215,Kansas,09-05-2020,-1.0,470.45304628014895
216,216,Kentucky,09-05-2020,-1.0,977.4818835671065
217,217,Louisiana,09-05-2020,-1.0,5161.129008832906
218,218,Maine,09-05-2020,4630.591594663685,136.56894555107272
219,219,Maryland,09-05-2020,111095.93564647675,3804.8639512386885
220,220,Massachusetts,09-05-2020,,-1.0
221,221,Michigan,09-05-2020,,-1.0
222,222,Minnesota,09-05-2020,-1.0,1923.2633771530902
223,223,Mississippi,09-05-2020,-1.0,2637.9931634409218
224,224,Missouri,09-05-2020,-1.0,1566.415915481593
225,225,Montana,09-05-2020,8011.251345390332,113.46245412373375
226,226,Nebraska,09-05-2020,-1.0,-1.0
227,227,Nevada,09-05-2020,71666.1384006151,-1.0
228,228,New Hampshire,09-05-2020,7378.368831816303,435.5566537109687
229,229,New Jersey,09-05-2020,192884.46338269673,15886.483236450538
230,230,New Mexico,09-05-2020,26141.89308319979,797.3910050287463
231,231,New York,09-05-2020,,
232,232,North Carolina,09-05-2020,175256.34283027385,2831.423722652293
233,233,North Dakota,09-05-2020,-1.0,149.3987257291808
234,234,Ohio,09-05-2020,-1.0,-1.0
235,235,Oklahoma,09-05-2020,61809.79494453716,-1.0
236,236,Oregon,09-05-2020,-1.0,478.0271562453099
237,237,Pennsylvania,09-05-2020,141719.0140340855,7742.402334725643
238,238,Rhode Island,09-05-2020,22377.71823521133,-1.0
239,239,South Carolina,09-05-2020,122320.31751317096,2884.1774859345774
240,240,South Dakota,09-05-2020,13948.513226877954,172.445970620443
241,241,Tennessee,09-05-2020,161877.39707230788,1900.5758145043435
242,242,Texas,09-05-2020,659745.6695119959,13689.089158947589
243,243,Utah,09-05-2020,53889.59216827364,432.06817402912367
244,244,Vermont,09-05-2020,1645.665402930994,57.83314127090962
245,245,Virginia,09-05-2020,-1.0,2667.10743443251
246,246,Washington,09-05-2020,,1963.0190526760648
247,247,West Virginia,09-05-2020,10522.710770785536,234.89171652088453
248,248,Wisconsin,09-05-2020,79447.03770743795,-1.0
249,249,Wyoming,09-05-2020,-1.0,-1.0
250,250,Alabama,09-06-2020,-1.0,-1.0
251,251,Alaska,09-06-2020,5665.801123302289,45.898799067781425
252,252,Arizona,09-06-2020,205616.36690273613,-1.0
253,253,Arkansas,09-06-2020,-1.0,-1.0
254,254,California,09-06-2020,746836.2478038924,13836.55028994802
255,255,Colorado,09-06-2020,59563.911702310754,1977.5485776975888
256,256,Connecticut,09-06-2020,-1.0,4474.491936701135
257,257,Delaware,09-06-2020,17641.10332505684,611.6300593737321
258,258,Florida,09-06-2020,645244.9381856777,-1.0
259,259,Georgia,09-06-2020,285592.1694033121,6079.2080626468
260,260,Hawaii,09-06-2020,-1.0,-1.0
261,261,Idaho,09-06-2020,33938.063125316075,-1.0
262,262,Illinois,09-06-2020,248213.73967411337,8366.606377249635
263,263,Indiana,09-06-2020,-1.0,3378.7327720824833
264,264,Iowa,09-06-2020,69871.70971744506,1182.200282636757
265,265,Kansas,09-06-2020,-1.0,473.65746400973615
266,266,Kentucky,09-06-2020,-1.0,984.417053641253
267,267,Louisiana,09-06-2020,-1.0,5194.565494370574
268,268,Maine,09-06-2020,4654.807939806601,137.13962556410092
269,269,Maryland,09-06-2020,111667.57165617065,3816.0509069248537
270,270,Massachusetts,09-06-2020,,-1.0
271,271,Michigan,09-06-2020,,-1.0
272,272,Minnesota,09-06-2020,-1.0,1932.0076222764808
273,273,Mississippi,09-06-2020,-1.0,2668.421731737441
274,274,Missouri,09-06-2020,-1.0,1575.6487251616918
275,275,Montana,09-06-2020,8135.174372433862,114.92520498480218
276,276,Nebraska,09-06-2020,-1.0,-1.0
277,277,Nevada,09-06-2020,72065.86266830395,-1.0
278,278,New Hampshire,09-06-2020,7399.9540644573235,436.2982683442313
279,279,New Jersey,09-06-2020,193055.11235039367,15870.797601013654
280,280,New Mexico,09-06-2020,26280.661155479815,801.6452235973685
281,281,New York,09-06-2020,,
282,282,North Carolina,09-06-2020,176810.60646707585,2852.7328883271257
283,283,North Dakota,09-06-2020,-1.0,150.47688650992353
284,284,Ohio,09-06-2020,-1.0,-1.0
285,285,Oklahoma,09-06-2020,62477.25007113997,-1.0
286,286,Oregon,09-06-2020,-1.0,482.2624173463828
287,287,Pennsylvania,09-06-2020,142353.339727395,7753.021937070957
288,288,Rhode Island,09-06-2020,22462.54620957835,-1.0
289,289,South Carolina,09-06-2020,123085.6935699869,2914.8428807876744
290,290,South Dakota,09-06-2020,14129.844271627599,173.63737198144946
291,291,Tennessee,09-06-2020,163355.66635662224,1925.2022608092113
292,292,Texas,09-06-2020,664625.9665106914,13829.452880056479
293,293,Utah,09-06-2020,54254.801067182605,435.35797815969494
294,294,Vermont,09-06-2020,1651.5299994487154,57.76805612801921
295,295,Virginia,09-06-2020,-1.0,2683.070124681511
296,296,Washington,09-06-2020,,1971.6734925826086
297,297,West Virginia,09-06-2020,10606.794019527866,238.82735550496383
298,298,Wisconsin,09-06-2020,80144.12354505376,-1.0
299,299,Wyoming,09-06-2020,-1.0,-1.0
300,300,Alabama,09-07-2020,-1.0,-1.0
301,301,Alaska,09-07-2020,5729.545352616103,46.757132158153986
302,302,Arizona,09-07-2020,206190.36572883496,-1.0
303,303,Arkansas,09-07-2020,-1.0,-1.0
304,304,California,09-07-2020,752215.2301548366,13954.528139300815
305,305,Colorado,09-07-2020,59893.470200330696,1983.762139860508
306,306,Connecticut,09-07-2020,-1.0,4476.050195474368
307,307,Delaware,09-07-2020,17707.25131842387,611.9290638484431
308,308,Florida,09-07-2020,648499.3296480384,-1.0
309,309,Georgia,09-07-2020,287761.61039025476,6148.566133583506
310,310,Hawaii,09-07-2020,-1.0,-1.0
311,311,Idaho,09-07-2020,34220.36073866407,-1.0
312,312,Illinois,09-07-2020,250016.95276820235,8383.573076852605
313,313,Indiana,09-07-2020,-1.0,3392.311554585216
314,314,Iowa,09-07-2020,70742.02831755028,1191.83615402572
315,315,Kansas,09-07-2020,-1.0,476.85229707993744
316,316,Kentucky,09-07-2020,-1.0,991.2500681009606
317,317,Louisiana,09-07-2020,-1.0,5228.141799777255
318,318,Maine,09-07-2020,4679.267763082136,137.7217624505704
319,319,Maryland,09-07-2020,112245.8784042154,3827.678263641635
320,320,Massachusetts,09-07-2020,,-1.0
321,321,Michigan,09-07-2020,,-1.0
322,322,Minnesota,09-07-2020,-1.0,1940.7990436681987
323,323,Mississippi,09-07-2020,-1.0,2699.6603650296834
324,324,Missouri,09-07-2020,-1.0,1584.9883191171486
325,325,Montana,09-07-2020,8258.732913535023,116.35390840572485
326,326,Nebraska,09-07-2020,-1.0,-1.0
327,327,Nevada,09-07-2020,72448.64946767701,-1.0
328,328,New Hampshire,09-07-2020,7421.759333284035,437.0759549885132
329,329,New Jersey,09-07-2020,193203.7829851567,15854.518159681484
330,330,New Mexico,09-07-2020,26420.284215893273,805.9436589026219
331,331,New York,09-07-2020,,
332,332,North Carolina,09-07-2020,178359.75502052694,2873.73998041444
333,333,North Dakota,09-07-2020,-1.0,151.54625435457652
334,334,Ohio,09-07-2020,-1.0,-1.0
335,335,Oklahoma,09-07-2020,63140.730953710074,-1.0
336,336,Oregon,09-07-2020,-1.0,486.4759478571849
337,337,Pennsylvania,09-07-2020,142990.72278237078,7763.121400412702
338,338,Rhode Island,09-07-2020,22545.65040012894,-1.0
339,339,South Carolina,09-07-2020,123843.40632094354,2945.68384479798
340,340,South Dakota,09-07-2020,14308.330843719908,174.85910396373922
341,341,Tennessee,09-07-2020,164876.25114503162,1949.7136023054693
342,342,Texas,09-07-2020,669483.793902968,13967.97050853586
343,343,Utah,09-07-2020,54619.255864029605,438.6310773978419
344,344,Vermont,09-07-2020,1657.2807131779557,57.690840011166195
345,345,Virginia,09-07-2020,-1.0,2699.131887690987
346,346,Washington,09-07-2020,,1980.4668180167519
347,347,West Virginia,09-07-2020,10690.227254018762,242.70553122502238
348,348,Wisconsin,09-07-2020,80838.46583550381,-1.0
349,349,Wyoming,09-07-2020,-1.0,-1.0
350,350,Alabama,09-08-2020,-1.0,-1.0
351,351,Alaska,09-08-2020,5792.895674718028,47.60409424014673
352,352,Arizona,09-08-2020,206777.93341042168,-1.0
353,353,Arkansas,09-08-2020,-1.0,-1.0
354,354,California,09-08-2020,757581.3985756547,14072.226192493943
355,355,Colorado,09-08-2020,60223.948859824566,1990.2779656070263
356,356,Connecticut,09-08-2020,-1.0,4477.705351343473
357,357,Delaware,09-08-2020,17775.131939727926,612.1596304464285
358,358,Florida,09-08-2020,651762.4293154058,-1.0
359,359,Georgia,09-08-2020,289913.1964406549,6217.971060354078
360,360,Hawaii,09-08-2020,-1.0,-1.0
361,361,Idaho,09-08-2020,34501.34024308343,-1.0
362,362,Illinois,09-08-2020,251792.8421450237,8400.07773426117
363,363,Indiana,09-08-2020,-1.0,3406.228107032439
364,364,Iowa,09-08-2020,71603.97035762716,1201.4284502651058
365,365,Kansas,09-08-2020,-1.0,480.03818154033337
366,366,Kentucky,09-08-2020,-1.0,997.9948952664856
367,367,Louisiana,09-08-2020,-1.0,5261.711500318717
368,368,Maine,09-08-2020,4703.944401714019,138.3150695032473
369,369,Maryland,09-08-2020,112831.21948461696,3839.7575273157518
370,370,Massachusetts,09-08-2020,,-1.0
371,371,Michigan,09-08-2020,,-1.0
372,372,Minnesota,09-08-2020,-1.0,1949.636928750866
373,373,Mississippi,09-08-2020,-1.0,2730.5700744859514
374,374,Missouri,09-08-2020,-1.0,1594.4183072596195
375,375,Montana,09-08-2020,8383.735107667811,117.752056200675
376,376,Nebraska,09-08-2020,-1.0,-1.0
377,377,Nevada,09-08-2020,72814.67664027185,-1.0
378,378,New Hampshire,09-08-2020,7443.782588147252,437.88874695348363
379,379,New Jersey,09-08-2020,193327.94513412454,15835.302231188743
380,380,New Mexico,09-08-2020,26560.82044518471,810.2841394964157
381,381,New York,09-08-2020,,
382,382,North Carolina,09-08-2020,179903.6160286274,2894.478429348972
383,383,North Dakota,09-08-2020,-1.0,152.60654687591526
384,384,Ohio,09-08-2020,-1.0,-1.0
385,385,Oklahoma,09-08-2020,63800.193347935,-1.0
386,386,Oregon,09-08-2020,-1.0,490.66875877105275
387,387,Pennsylvania,09-08-2020,143631.5041147335,7772.586043073944
388,388,Rhode Island,09-08-2020,22626.81855244018,-1.0
389,389,South Carolina,09-08-2020,124593.65801818656,2976.699954156783
390,390,South Dakota,09-08-2020,14484.07771475165,176.1052783668923
391,391,Tennessee,09-08-2020,166388.14847910404,1974.1110567680225
392,392,Texas,09-08-2020,674320.7700099078,14104.709496666661
393,393,Utah,09-08-2020,54982.9004033673,441.8880477290203
394,394,Vermont,09-08-2020,1662.9369603822943,57.6040615561332
395,395,Virginia,09-08-2020,-1.0,2715.2908186932136
396,396,Washington,09-08-2020,,1989.393160335549
397,397,West Virginia,09-08-2020,10773.051908085752,246.52801037915793
398,398,Wisconsin,09-08-2020,81529.74754556641,-1.0
399,399,Wyoming,09-08-2020,-1.0,-1.0
400,400,Alabama,09-09-2020,-1.0,-1.0
401,401,Alaska,09-09-2020,5855.857667558706,48.4413896410326
402,402,Arizona,09-09-2020,207381.08465484632,-1.0
403,403,Arkansas,09-09-2020,-1.0,-1.0
404,404,California,09-09-2020,762934.8784984065,14189.647754693638
405,405,Colorado,09-09-2020,60555.48642779862,1997.0817693333336
406,406,Connecticut,09-09-2020,-1.0,4479.457198997931
407,407,Delaware,09-09-2020,17844.676017939408,612.3249573364047
408,408,Florida,09-09-2020,655037.3866676394,-1.0
409,409,Georgia,09-09-2020,292047.13943009166,6287.617180917665
410,410,Hawaii,09-09-2020,-1.0,-1.0
411,411,Idaho,09-09-2020,34781.025704421474,-1.0
412,412,Illinois,09-09-2020,253540.35934814106,8416.289648724893
413,413,Indiana,09-09-2020,-1.0,3420.4863025621753
414,414,Iowa,09-09-2020,72457.72646183713,1210.9781339966487
415,415,Kansas,09-09-2020,-1.0,483.2157305196843
416,416,Kentucky,09-09-2020,-1.0,1004.6636582290206
417,417,Louisiana,09-09-2020,-1.0,5295.361274235495
418,418,Maine,09-09-2020,4728.813912593344,138.9192671897207
419,419,Maryland,09-09-2020,113423.91607206516,3852.299826584918
420,420,Massachusetts,09-09-2020,,-1.0
421,421,Michigan,09-09-2020,,-1.0
422,422,Minnesota,09-09-2020,-1.0,1958.5205757102813
423,423,Mississippi,09-09-2020,-1.0,2760.667073393064
424,424,Missouri,09-09-2020,-1.0,1603.9248151801057
425,425,Montana,09-09-2020,8510.86641894324,119.12033110659155
426,426,Nebraska,09-09-2020,-1.0,-1.0
427,427,Nevada,09-09-2020,73164.14611616789,-1.0
428,428,New Hampshire,09-09-2020,7466.0217979997,438.7357838599265
429,429,New Jersey,09-09-2020,193426.94207426967,15814.437208052113
430,430,New Mexico,09-09-2020,26702.28990908243,814.6646005687144
431,431,New York,09-09-2020,,
432,432,North Carolina,09-09-2020,181442.07827896034,2914.9798762940254
433,433,North Dakota,09-09-2020,-1.0,153.65896575389704
434,434,Ohio,09-09-2020,-1.0,-1.0
435,435,Oklahoma,09-09-2020,64455.628983780574,-1.0
436,436,Oregon,09-09-2020,-1.0,494.84156551447774
437,437,Pennsylvania,09-09-2020,144276.0167917243,7781.231690461155
438,438,Rhode Island,09-09-2020,22706.234208655995,-1.0
439,439,South Carolina,09-09-2020,125336.66023766862,3007.8913237874694
440,440,South Dakota,09-09-2020,14657.185797225546,177.37027378223544
441,441,Tennessee,09-09-2020,167869.55651533927,1998.3958290880773
442,442,Texas,09-09-2020,679138.4678992463,14239.734832167562
443,443,Utah,09-09-2020,55345.69395131634,445.1294452786808
444,444,Vermont,09-09-2020,1668.517394592671,57.50519793536858
445,445,Virginia,09-09-2020,-1.0,2731.540366675574
446,446,Washington,09-09-2020,,1998.4467396246525
447,447,West Virginia,09-09-2020,10855.3003505774,250.29650534864132
448,448,Wisconsin,09-09-2020,82217.69271348072,-1.0
449,449,Wyoming,09-09-2020,-1.0,-1.0
450,450,Alabama,09-10-2020,-1.0,-1.0
451,451,Alaska,09-10-2020,5918.436830101819,49.27055177083667
452,452,Arizona,09-10-2020,208001.7645369587,-1.0
453,453,Arkansas,09-10-2020,-1.0,-1.0
454,454,California,09-10-2020,768275.7941273311,14306.796092022983
455,455,Colorado,09-10-2020,60887.95597717858,2004.1598036917803
456,456,Connecticut,09-10-2020,-1.0,4481.305533562246
457,457,Delaware,09-10-2020,17915.817143516764,612.4276974358825
458,458,Florida,09-10-2020,658327.1961355649,-1.0
459,459,Georgia,09-10-2020,294163.67578082957,6357.557751269439
460,460,Hawaii,09-10-2020,-1.0,-1.0
461,461,Idaho,09-10-2020,35059.43889582594,-1.0
462,462,Illinois,09-10-2020,255258.5678782916,8432.009681694364
463,463,Indiana,09-10-2020,-1.0,3435.058551535175
464,464,Iowa,09-10-2020,73303.48291633524,1220.4861465958538
465,465,Kansas,09-10-2020,-1.0,486.3855281967206
466,466,Kentucky,09-10-2020,-1.0,1011.2668478980486
467,467,Louisiana,09-10-2020,-1.0,5329.037171529249
468,468,Maine,09-10-2020,4753.854856645108,139.53408297285327
469,469,Maryland,09-10-2020,114024.24639400112,3865.315904802889
470,470,Massachusetts,09-10-2020,,-1.0
471,471,Michigan,09-10-2020,,-1.0
472,472,Minnesota,09-10-2020,-1.0,1967.449293332847
473,473,Mississippi,09-10-2020,-1.0,2790.6804197076262
474,474,Missouri,09-10-2020,-1.0,1613.4960980227515
475,475,Montana,09-10-2020,8638.99646036166,120.46074669890459
476,476,Nebraska,09-10-2020,-1.0,-1.0
477,477,Nevada,09-10-2020,73497.28347985438,-1.0
478,478,New Hampshire,09-10-2020,7488.474950718035,439.61626663392343
479,479,New Jersey,09-10-2020,193501.4847287991,15791.607504538983
480,480,New Mexico,09-10-2020,26844.68852296305,819.0830787106295
481,481,New York,09-10-2020,,
482,482,North Carolina,09-10-2020,182975.07597845176,2935.273457047649
483,483,North Dakota,09-10-2020,-1.0,154.7040262750467
484,484,Ohio,09-10-2020,-1.0,-1.0
485,485,Oklahoma,09-10-2020,65107.05336651421,-1.0
486,486,Oregon,09-10-2020,-1.0,498.99492368707513
487,487,Pennsylvania,09-10-2020,144924.58540643117,7789.223461166934
488,488,Rhode Island,09-10-2020,22783.740410517992,-1.0
489,489,South Carolina,09-10-2020,126072.63330464384,3039.2579529570044
490,490,South Dakota,09-10-2020,14827.752286693827,178.6488486786496
491,491,Tennessee,09-10-2020,169363.06434355778,2022.5691114094468
492,492,Texas,09-10-2020,683938.4147505331,14373.10912824483
493,493,Utah,09-10-2020,55707.60801241298,448.3558069970432
494,494,Vermont,09-10-2020,1674.0397121434253,57.39672698512237
495,495,Virginia,09-10-2020,-1.0,2747.8763769844854
496,496,Washington,09-10-2020,,2007.6218710641385
497,497,West Virginia,09-10-2020,10936.999037969264,254.0126758678778
498,498,Wisconsin,09-10-2020,82902.06314778197,-1.0
499,499,Wyoming,09-10-2020,-1.0,-1.0
500,500,Alabama,09-11-2020,-1.0,-1.0
501,501,Alaska,09-11-2020,5980.638583442588,50.092960262650735
502,502,Arizona,09-11-2020,208641.8446450553,-1.0
503,503,Arkansas,09-11-2020,-1.0,-1.0
504,504,California,09-11-2020,773604.2684508666,14423.674432023116
505,505,Colorado,09-11-2020,61221.372915843625,2011.4989068591763
506,506,Connecticut,09-11-2020,-1.0,4483.250150595019
507,507,Delaware,09-11-2020,17988.49155816068,612.4700513702641
508,508,Florida,09-11-2020,661634.6949790631,-1.0
509,509,Georgia,09-11-2020,296263.0653335937,6427.6377030275235
510,510,Hawaii,09-11-2020,-1.0,-1.0
511,511,Idaho,09-11-2020,35336.600066970466,-1.0
512,512,Illinois,09-11-2020,256946.64552780028,8447.165208889684
513,513,Indiana,09-11-2020,-1.0,3449.937869608666
514,514,Iowa,09-11-2020,74141.42176798955,1229.9534086418007
515,515,Kansas,09-11-2020,-1.0,489.54812667163026
516,516,Kentucky,09-11-2020,-1.0,1017.8135265287073
517,517,Louisiana,09-11-2020,-1.0,5362.7701389997355
518,518,Maine,09-11-2020,4779.048079816083,140.15925113572519
519,519,Maryland,09-11-2020,114632.44542128271,3878.8161123626164
520,520,Massachusetts,09-11-2020,,-1.0
521,521,Michigan,09-11-2020,,-1.0
522,522,Minnesota,09-11-2020,-1.0,1976.4224008454519
523,523,Mississippi,09-11-2020,-1.0,2821.5688234173986
524,524,Missouri,09-11-2020,-1.0,1623.1222136243207
525,525,Montana,09-11-2020,8766.954752257025,121.77450219712769
526,526,Nebraska,09-11-2020,-1.0,-1.0
527,527,Nevada,09-11-2020,73814.33750310453,-1.0
528,528,New Hampshire,09-11-2020,7511.140052926528,440.5294349174365
529,529,New Jersey,09-11-2020,193552.85477949472,15766.385767422187
530,530,New Mexico,09-11-2020,26987.997199109188,823.5377069346913
531,531,New York,09-11-2020,,
532,532,North Carolina,09-11-2020,184502.57696487746,2955.385512730446
533,533,North Dakota,09-11-2020,-1.0,155.7424315128077
534,534,Ohio,09-11-2020,-1.0,-1.0
535,535,Oklahoma,09-11-2020,65754.49760527207,-1.0
536,536,Oregon,09-11-2020,-1.0,503.12930090439875
537,537,Pennsylvania,09-11-2020,145577.52547090617,7796.611082721804
538,538,Rhode Island,09-11-2020,22859.470628318715,-1.0
539,539,South Carolina,09-11-2020,126801.80571517507,3070.799824791628
540,540,South Dakota,09-11-2020,14995.870798666154,179.93622581274593
541,541,Tennessee,09-11-2020,170904.3781514208,2046.6320832634137
542,542,Texas,09-11-2020,688722.091341826,14504.892710351942
543,543,Utah,09-11-2020,56068.623788181176,451.5676513202591
544,544,Vermont,09-11-2020,1679.5204939340692,57.27621505808561
545,545,Virginia,09-11-2020,-1.0,2764.2940273702625
546,546,Washington,09-11-2020,,2016.912970708549
547,547,West Virginia,09-11-2020,11018.170508543431,257.6781306430259
548,548,Wisconsin,09-11-2020,83582.65534465082,-1.0
549,549,Wyoming,09-11-2020,-1.0,-1.0
550,550,Alabama,09-12-2020,-1.0,-1.0
551,551,Alaska,09-12-2020,6042.468271910435,50.90985639404364
552,552,Arizona,09-12-2020,209303.1194701255,-1.0
553,553,Arkansas,09-12-2020,-1.0,-1.0
554,554,California,09-12-2020,778920.4232535507,14540.285964108989
555,555,Colorado,09-12-2020,61555.679182306725,2019.0865121519191
556,556,Connecticut,09-12-2020,-1.0,4485.290846088034
557,557,Delaware,09-12-2020,18062.63804896956,612.4538445834778
558,558,Florida,09-12-2020,664962.5616763257,-1.0
559,559,Georgia,09-12-2020,298345.59021148266,6497.8569093349515
560,560,Hawaii,09-12-2020,-1.0,-1.0
561,561,Idaho,09-12-2020,35612.528423823904,-1.0
562,562,Illinois,09-12-2020,258603.88628153992,8461.928312194155
563,563,Indiana,09-12-2020,-1.0,3465.1056334377035
564,564,Iowa,09-12-2020,74971.72092085394,1239.3808203765686
565,565,Kansas,09-12-2020,-1.0,492.70404474498247
566,566,Kentucky,09-12-2020,-1.0,1024.3115136841152
567,567,Louisiana,09-12-2020,-1.0,5396.539927768039
568,568,Maine,09-12-2020,4804.376499361588,140.79451261095878
569,569,Maryland,09-12-2020,115248.70477371357,3892.810399342908
570,570,Massachusetts,09-12-2020,,-1.0
571,571,Michigan,09-12-2020,,-1.0
572,572,Minnesota,09-12-2020,-1.0,1985.4392277577715
573,573,Mississippi,09-12-2020,-1.0,2853.316379052603
574,574,Missouri,09-12-2020,-1.0,1632.7947458227904
575,575,Montana,09-12-2020,8895.052007500102,123.06310386172164
576,576,Nebraska,09-12-2020,-1.0,-1.0
577,577,Nevada,09-12-2020,74115.57964573549,-1.0
578,578,New Hampshire,09-12-2020,7534.015129822384,441.4745556419566
579,579,New Jersey,09-12-2020,193582.21822508393,15739.650508281966
580,580,New Mexico,09-12-2020,27132.1878239014,828.0267099396714
581,581,New York,09-12-2020,,
582,582,North Carolina,09-12-2020,186024.57392875763,2975.339556728109
583,583,North Dakota,09-12-2020,-1.0,156.7747309753437
584,584,Ohio,09-12-2020,-1.0,-1.0
585,585,Oklahoma,09-12-2020,66398.00294113527,-1.0
586,586,Oregon,09-12-2020,-1.0,507.2451148533701
587,587,Pennsylvania,09-12-2020,146235.14282919737,7803.257528600893
588,588,Rhode Island,09-12-2020,22933.31169271553,-1.0
589,589,South Carolina,09-12-2020,127524.413554782,3102.516948868335
590,590,South Dakota,09-12-2020,15161.631500474752,181.22815022285653
591,591,Tennessee,09-12-2020,172463.83513923953,2070.5859117021687
592,592,Texas,09-12-2020,693490.9316524985,14635.143699779166
593,593,Utah,09-12-2020,56428.730148353614,454.76547880877774
594,594,Vermont,09-12-2020,1684.975081723209,57.146052400677675
595,595,Virginia,09-12-2020,-1.0,2780.7891327023785
596,596,Washington,09-12-2020,,2026.314560705338
597,597,West Virginia,09-12-2020,11098.834645875071,261.29442892085194
598,598,Wisconsin,09-12-2020,84259.29761106224,-1.0
599,599,Wyoming,09-12-2020,-1.0,-1.0
600,600,Alabama,09-13-2020,-1.0,-1.0
601,601,Alaska,09-13-2020,6103.9311641560325,51.722356961946474
602,602,Arizona,09-13-2020,209987.3030438342,-1.0
603,603,Arkansas,09-13-2020,-1.0,-1.0
604,604,California,09-13-2020,784224.3791278056,14656.63384001975
605,605,Colorado,09-13-2020,61890.857292891335,2026.9106388816767
606,606,Connecticut,09-13-2020,-1.0,4487.427416465341
607,607,Delaware,09-13-2020,18138.197846820614,612.3805913021301
608,608,Florida,09-13-2020,668313.3148087526,-1.0
609,609,Georgia,09-13-2020,300411.553678229,6568.328524146371
610,610,Hawaii,09-13-2020,-1.0,-1.0
611,611,Idaho,09-13-2020,35887.24242839191,-1.0
612,612,Illinois,09-13-2020,260229.70178161282,8476.305673233273
613,613,Indiana,09-13-2020,-1.0,3480.551465615137
614,614,Iowa,09-13-2020,75794.55423044554,1248.7692621545116
615,615,Kansas,09-13-2020,-1.0,495.853767931218
616,616,Kentucky,09-13-2020,-1.0,1030.767552084051
617,617,Louisiana,09-13-2020,-1.0,5430.3572167002585
618,618,Maine,09-13-2020,4829.824900658878,141.43961481431438
619,619,Maryland,09-13-2020,115873.1728357601,3907.308308483736
620,620,Massachusetts,09-13-2020,,-1.0
621,621,Michigan,09-13-2020,,-1.0
622,622,Minnesota,09-13-2020,-1.0,1994.4991137069512
623,623,Mississippi,09-13-2020,-1.0,2885.015568350885
624,624,Missouri,09-13-2020,-1.0,1642.5065702347133
625,625,Montana,09-13-2020,9024.422602524482,124.32778812082317
626,626,Nebraska,09-13-2020,-1.0,-1.0
627,627,Nevada,09-13-2020,74401.30352517689,-1.0
628,628,New Hampshire,09-13-2020,7557.098225002688,442.4509171631742
629,629,New Jersey,09-13-2020,193590.25227519815,15710.357388247168
630,630,New Mexico,09-13-2020,27277.22714971681,832.5483996079454
631,631,New York,09-13-2020,,
632,632,North Carolina,09-13-2020,187541.07787745178,2995.15638888335
633,633,North Dakota,09-13-2020,-1.0,157.80146361207764
634,634,Ohio,09-13-2020,-1.0,-1.0
635,635,Oklahoma,09-13-2020,67037.61708455728,-1.0
636,636,Oregon,09-13-2020,-1.0,511.34275348108036
637,637,Pennsylvania,09-13-2020,146897.73309137733,7809.1925854756655
638,638,Rhode Island,09-13-2020,23005.359416632306,-1.0
639,639,South Carolina,09-13-2020,128240.69991534004,3134.409322352004
640,640,South Dakota,09-13-2020,15325.121238282507,182.5209234363591
641,641,Tennessee,09-13-2020,173996.4727681905,2094.431751430834
642,642,Texas,09-13-2020,698246.3225768061,14763.918094188995
643,643,Utah,09-13-2020,56787.922011622424,457.9497727637014
644,644,Vermont,09-13-2020,1690.417486932662,57.00389139337117
645,645,Virginia,09-13-2020,-1.0,2797.3575627665155
646,646,Washington,09-13-2020,,2035.8212739755734
647,647,West Virginia,09-13-2020,11179.009481359262,264.8630820093506
648,648,Wisconsin,09-13-2020,84931.84738167972,-1.0
649,649,Wyoming,09-13-2020,-1.0,-1.0
650,650,Alabama,09-14-2020,-1.0,-1.0
651,651,Alaska,09-14-2020,6165.032454222956,52.53146676610471
652,652,Arizona,09-14-2020,210696.02582996804,-1.0
653,653,Arkansas,09-14-2020,-1.0,-1.0
654,654,California,09-14-2020,789516.2554856073,14772.721174263788
655,655,Colorado,09-14-2020,62226.869977875285,2034.9598741897232
656,656,Connecticut,09-14-2020,-1.0,4489.659658582331
657,657,Delaware,09-14-2020,18215.114528807837,612.2515475945013
658,658,Florida,09-14-2020,671689.3124252156,-1.0
659,659,Georgia,09-14-2020,302461.27899295994,6639.024383433287
660,660,Hawaii,09-14-2020,-1.0,-1.0
661,661,Idaho,09-14-2020,36160.75998648279,-1.0
662,662,Illinois,09-14-2020,261823.62235452866,8490.164426266607
663,663,Indiana,09-14-2020,-1.0,3496.260892583051
664,664,Iowa,09-14-2020,76610.09159587671,1258.1195948816087
665,665,Kansas,09-14-2020,-1.0,498.9977492522418
666,666,Kentucky,09-14-2020,-1.0,1037.1874534762803
667,667,Louisiana,09-14-2020,-1.0,5464.21405479279
668,668,Maine,09-14-2020,4855.379747448651,142.0943114824503
669,669,Maryland,09-14-2020,116505.95507688384,3922.3189684950544
670,670,Massachusetts,09-14-2020,,-1.0
671,671,Michigan,09-14-2020,,-1.0
672,672,Minnesota,09-14-2020,-1.0,2003.6014083046355
673,673,Mississippi,09-14-2020,-1.0,2916.050993718173
674,674,Missouri,09-14-2020,-1.0,1652.2516559829064
675,675,Montana,09-14-2020,9155.414824711355,125.56982712939534
676,676,Nebraska,09-14-2020,-1.0,-1.0
677,677,Nevada,09-14-2020,74671.82435581234,-1.0
678,678,New Hampshire,09-14-2020,7580.387400292977,443.4578261678668
679,679,New Jersey,09-14-2020,193577.09557023612,15679.485656874494
680,680,New Mexico,09-14-2020,27423.07931581691,837.1011707239769
681,681,New York,09-14-2020,,
682,682,North Carolina,09-14-2020,189052.11326928588,3014.854288036713
683,683,North Dakota,09-14-2020,-1.0,158.82310696977234
684,684,Ohio,09-14-2020,-1.0,-1.0
685,685,Oklahoma,09-14-2020,67673.39176548681,-1.0
686,686,Oregon,09-14-2020,-1.0,515.4225857351917
687,687,Pennsylvania,09-14-2020,147565.58108960433,7814.496752879082
688,688,Rhode Island,09-14-2020,23075.53274445158,-1.0
689,689,South Carolina,09-14-2020,128950.91431131994,3166.476945392808
690,690,South Dakota,09-14-2020,15486.423659412925,183.8114167576406
691,691,Tennessee,09-14-2020,175516.1762773525,2118.170744938093
692,692,Texas,09-14-2020,702989.6037429231,14891.269845208957
693,693,Utah,09-14-2020,57146.19905353691,461.12099982188795
694,694,Vermont,09-14-2020,1695.860329678724,56.85203778899589
695,695,Virginia,09-14-2020,-1.0,2813.995476468761
696,696,Washington,09-14-2020,,2045.4278583803753
697,697,West Virginia,09-14-2020,11258.711705876807,268.385554751614
698,698,Wisconsin,09-14-2020,85600.1887180709,-1.0
699,699,Wyoming,09-14-2020,-1.0,-1.0
700,700,Alabama,09-15-2020,-1.0,-1.0
701,701,Alaska,09-15-2020,6225.777262604164,53.338089840636314
702,702,Arizona,09-15-2020,211430.83187336312,-1.0
703,703,Arkansas,09-15-2020,-1.0,-1.0
704,704,California,09-15-2020,794796.1705700406,14888.551044558542
705,705,Colorado,09-15-2020,62563.6920417706,2043.2233508639927
706,706,Connecticut,09-15-2020,-1.0,4491.987369724833
707,707,Delaware,09-15-2020,18293.33392457489,612.0677553835886
708,708,Florida,09-15-2020,675092.7518687448,-1.0
709,709,Georgia,09-15-2020,304495.1082635557,6709.8689745275815
710,710,Hawaii,09-15-2020,-1.0,-1.0
711,711,Idaho,09-15-2020,36433.09856581804,-1.0
712,712,Illinois,09-15-2020,263385.29760124057,8503.537006820316
713,713,Indiana,09-15-2020,-1.0,3512.2229293713085
714,714,Iowa,09-15-2020,77418.49904989034,1267.4326604451087
715,715,Kansas,09-15-2020,-1.0,502.1364105054326
716,716,Kentucky,09-15-2020,-1.0,1043.5762258887632
717,717,Louisiana,09-15-2020,-1.0,5498.1137656932615
718,718,Maine,09-15-2020,4881.0290068585755,142.758362514743
719,719,Maryland,09-15-2020,117147.11457006866,3937.851087703735
720,720,Massachusetts,09-15-2020,,-1.0
721,721,Michigan,09-15-2020,,-1.0
722,722,Minnesota,09-15-2020,-1.0,2012.7454709863066
723,723,Mississippi,09-15-2020,-1.0,2946.8438656523895
724,724,Missouri,09-15-2020,-1.0,1662.0248978565314
725,725,Montana,09-15-2020,9287.275869831214,126.79037535341604
726,726,Nebraska,09-15-2020,-1.0,-1.0
727,727,Nevada,09-15-2020,74927.4783590982,-1.0
728,728,New Hampshire,09-15-2020,7603.8807355773915,444.49460596463877
729,729,New Jersey,09-15-2020,193542.5116011901,15646.273215211993
730,730,New Mexico,09-15-2020,27569.707468516135,841.6834969030634
731,731,New York,09-15-2020,,
732,732,North Carolina,09-15-2020,190557.71439154315,3034.449240057891
733,733,North Dakota,09-15-2020,-1.0,159.84010315792727
734,734,Ohio,09-15-2020,-1.0,-1.0
735,735,Oklahoma,09-15-2020,68305.38109625931,-1.0
736,736,Oregon,09-15-2020,-1.0,519.484967307155
737,737,Pennsylvania,09-15-2020,148238.96035720644,7819.11187549265
738,738,Rhode Island,09-15-2020,23143.90021987778,-1.0
739,739,South Carolina,09-15-2020,129655.31209643741,3198.71981833291
740,740,South Dakota,09-15-2020,15645.619330174255,185.09706662413382
741,741,Tennessee,09-15-2020,177071.6521666599,2141.8040226254357
742,742,Texas,09-15-2020,707722.0674322419,15017.250933189365
743,743,Utah,09-15-2020,57503.564675732465,464.27961053053525
744,744,Vermont,09-15-2020,1701.3148055500649,56.68822695478231
745,745,Virginia,09-15-2020,-1.0,2830.6992041424664
746,746,Washington,09-15-2020,,2055.1291803961853
747,747,West Virginia,09-15-2020,11337.956997868381,271.8632669543872
748,748,Wisconsin,09-15-2020,86264.22997942189,-1.0
749,749,Wyoming,09-15-2020,-1.0,-1.0
750,750,Alabama,09-16-2020,-1.0,-1.0
751,751,Alaska,09-16-2020,6286.170637283515,54.143039559241
752,752,Arizona,09-16-2020,212193.1762096221,-1.0
753,753,Arkansas,09-16-2020,-1.0,-1.0
754,754,California,09-16-2020,800064.241466741,15004.126492265095
755,755,Colorado,09-16-2020,62901.29346092125,2051.690723695839
756,756,Connecticut,09-16-2020,-1.0,4494.4103476081955
757,757,Delaware,09-16-2020,18372.804026387457,611.8300789564295
758,758,Florida,09-16-2020,678525.6700480904,-1.0
759,759,Georgia,09-16-2020,306513.4013006433,6780.901699935019
760,760,Hawaii,09-16-2020,-1.0,-1.0
761,761,Idaho,09-16-2020,36704.27527080626,-1.0
762,762,Illinois,09-16-2020,264914.49655197276,8516.515384900069
763,763,Indiana,09-16-2020,-1.0,3528.4253465091297
764,764,Iowa,09-16-2020,78219.93884684626,1276.7092821336826
765,765,Kansas,09-16-2020,-1.0,505.2701438016439
766,766,Kentucky,09-16-2020,-1.0,1049.9381840930214
767,767,Louisiana,09-16-2020,-1.0,5532.052901295743
768,768,Maine,09-16-2020,4906.761989552719,143.43153381906555
769,769,Maryland,09-16-2020,117796.67270132441,3953.9129480429337
770,770,Massachusetts,09-16-2020,,-1.0
771,771,Michigan,09-16-2020,,-1.0
772,772,Minnesota,09-16-2020,-1.0,2021.9306708629003
773,773,Mississippi,09-16-2020,-1.0,2978.262161290428
774,774,Missouri,09-16-2020,-1.0,1671.821974232562
775,775,Montana,09-16-2020,9419.315776419266,127.99055444460316
776,776,Nebraska,09-16-2020,-1.0,-1.0
777,777,Nevada,09-16-2020,75168.62214550201,-1.0
778,778,New Hampshire,09-16-2020,7627.57632863042,445.5605954672953
779,779,New Jersey,09-16-2020,193486.12220818436,15611.195327141806
780,780,New Mexico,09-16-2020,27717.074790241437,846.2939267200176
781,781,New York,09-16-2020,,
782,782,North Carolina,09-16-2020,192057.92266489612,3053.95517533112
783,783,North Dakota,09-16-2020,-1.0,160.8528536754655
784,784,Ohio,09-16-2020,-1.0,-1.0
785,785,Oklahoma,09-16-2020,68933.64047919407,-1.0
786,786,Oregon,09-16-2020,-1.0,523.5302437318778
787,787,Pennsylvania,09-16-2020,148918.1326317294,7823.00966685391
788,788,Rhode Island,09-16-2020,23210.40389185961,-1.0
789,789,South Carolina,09-16-2020,130354.1538817587,3231.137940957759
790,790,South Dakota,09-16-2020,15802.785849343756,186.37585503587522
791,791,Tennessee,09-16-2020,178665.72607990535,2165.3327029350376
792,792,Texas,09-16-2020,712444.958593803,15141.911439229578
793,793,Utah,09-16-2020,57860.02518391013,467.42603990195306
794,794,Vermont,09-16-2020,1706.7906775137012,56.51468313676172
795,795,Virginia,09-16-2020,-1.0,2847.465282797228
796,796,Washington,09-16-2020,,2064.920228321542
797,797,West Virginia,09-16-2020,11416.760235466187,275.2975947727028
798,798,Wisconsin,09-16-2020,86923.9016545006,-1.0
799,799,Wyoming,09-16-2020,-1.0,-1.0
800,800,Alabama,09-17-2020,-1.0,-1.0
801,801,Alaska,09-17-2020,6346.217554762539,54.947047727015736
802,802,Arizona,09-17-2020,212984.4225382215,-1.0
803,803,Arkansas,09-17-2020,-1.0,-1.0
804,804,California,09-17-2020,805320.5841152247,15119.45052281765
805,805,Colorado,09-17-2020,63239.64826692742,2060.3521456692624
806,806,Connecticut,09-17-2020,-1.0,4496.928390376378
807,807,Delaware,09-17-2020,18453.47490279572,611.5392352490016
808,808,Florida,09-17-2020,681989.9441360842,-1.0
809,809,Georgia,09-17-2020,308516.53447420354,6852.167806582299
810,810,Hawaii,09-17-2020,-1.0,-1.0
811,811,Idaho,09-17-2020,36974.30689034783,-1.0
812,812,Illinois,09-17-2020,266411.10738932353,8529.048900176862
813,813,Indiana,09-17-2020,-1.0,3544.857554538193
814,814,Iowa,09-17-2020,79014.5695487054,1285.950265048295
815,815,Kansas,09-17-2020,-1.0,508.39931323760396
816,816,Kentucky,09-17-2020,-1.0,1056.277045206618
817,817,Louisiana,09-17-2020,-1.0,5566.032131044946
818,818,Maine,09-17-2020,4932.569204709798,144.11359716142562
819,819,Maryland,09-17-2020,118454.61006220526,3970.5123993879392
820,820,Massachusetts,09-17-2020,,-1.0
821,821,Michigan,09-17-2020,,-1.0
822,822,Minnesota,09-17-2020,-1.0,2031.1563865746625
823,823,Mississippi,09-17-2020,-1.0,3010.514823739948
824,824,Missouri,09-17-2020,-1.0,1681.6392268045786
825,825,Montana,09-17-2020,9551.789257781273,129.17141398850683
826,826,Nebraska,09-17-2020,-1.0,-1.0
827,827,Nevada,09-17-2020,75395.6320693397,-1.0
828,828,New Hampshire,09-17-2020,7651.472294950209,446.65514852667707
829,829,New Jersey,09-17-2020,193407.59952358995,15574.06277104278
830,830,New Mexico,09-17-2020,27865.145141277342,850.9310800279663
831,831,New York,09-17-2020,,
832,832,North Carolina,09-17-2020,193552.78463785423,3073.3842004469207
833,833,North Dakota,09-17-2020,-1.0,161.86172621303203
834,834,Ohio,09-17-2020,-1.0,-1.0
835,835,Oklahoma,09-17-2020,69558.22587922051,-1.0
836,836,Oregon,09-17-2020,-1.0,527.5587520883657
837,837,Pennsylvania,09-17-2020,149603.347382839,7826.243423676799
838,838,Rhode Island,09-17-2020,23275.0927504505,-1.0
839,839,South Carolina,09-17-2020,131047.7049562842,3263.7313133362622
840,840,South Dakota,09-17-2020,15957.997957471953,187.64627799581257
841,841,Tennessee,09-17-2020,180251.65968522703,2188.7578924762865
842,842,Texas,09-17-2020,717159.4749488194,15265.299614572566
843,843,Utah,09-17-2020,58215.58913256037,470.56070794920674
844,844,Vermont,09-17-2020,1712.2962902473002,56.329221755396865
845,845,Virginia,09-17-2020,-1.0,2864.290426095738
846,846,Washington,09-17-2020,,2074.796115037603
847,847,West Virginia,09-17-2020,11495.135635347819,278.6898720519453
848,848,Wisconsin,09-17-2020,87579.15434516613,-1.0
849,849,Wyoming,09-17-2020,-1.0,-1.0
850,850,Alabama,09-18-2020,-1.0,-1.0
851,851,Alaska,09-18-2020,6405.922921072669,55.75077276050406
852,852,Arizona,09-18-2020,213805.84116090677,-1.0
853,853,Arkansas,09-18-2020,-1.0,-1.0
854,854,California,09-18-2020,810565.3133201078,15234.526106147918
855,855,Colorado,09-18-2020,63578.72979735446,2069.198244622883
856,856,Connecticut,09-18-2020,-1.0,4499.5412966010435
857,857,Delaware,09-18-2020,18535.298615743657,611.1958189678944
858,858,Florida,09-18-2020,685487.2926762676,-1.0
859,859,Georgia,09-18-2020,310504.89957470674,6923.627251400438
860,860,Hawaii,09-18-2020,-1.0,-1.0
861,861,Idaho,09-18-2020,37243.209928849144,-1.0
862,862,Illinois,09-18-2020,267875.13674465055,8541.08185680345
863,863,Indiana,09-18-2020,-1.0,3561.5087807917344
864,864,Iowa,09-18-2020,79802.54610905715,1295.1563965039984
865,865,Kansas,09-18-2020,-1.0,511.52425661383023
866,866,Kentucky,09-18-2020,-1.0,1062.5960112824318
867,867,Louisiana,09-18-2020,-1.0,5600.0496701781385
868,868,Maine,09-18-2020,4958.442229143819,144.8043300193661
869,869,Maryland,09-18-2020,119120.86751669321,3987.6568542422706
870,870,Massachusetts,09-18-2020,,-1.0
871,871,Michigan,09-18-2020,,-1.0
872,872,Minnesota,09-18-2020,-1.0,2040.4220061472124
873,873,Mississippi,09-18-2020,-1.0,3042.935334451544
874,874,Missouri,09-18-2020,-1.0,1691.4735587717314
875,875,Montana,09-18-2020,9685.403182786527,130.33395652055464
876,876,Nebraska,09-18-2020,-1.0,-1.0
877,877,Nevada,09-18-2020,75608.90355762474,-1.0
878,878,New Hampshire,09-18-2020,7675.566767593426,447.77763343954376
879,879,New Jersey,09-18-2020,193306.76385306002,15534.829261387596
880,880,New Mexico,09-18-2020,28013.88344830855,855.593644457931
881,881,New York,09-18-2020,,
882,882,North Carolina,09-18-2020,195042.35049513035,3092.746815703493
883,883,North Dakota,09-18-2020,-1.0,162.86705626692407
884,884,Ohio,09-18-2020,-1.0,-1.0
885,885,Oklahoma,09-18-2020,70179.19334110069,-1.0
886,886,Oregon,09-18-2020,-1.0,531.5708219594114
887,887,Pennsylvania,09-18-2020,150294.84136591782,7828.807724172985
888,888,Rhode Island,09-18-2020,23337.925383289603,-1.0
889,889,South Carolina,09-18-2020,131736.2347110066,3296.49993546203
890,890,South Dakota,09-18-2020,16111.327642160837,188.90730475936616
891,891,Tennessee,09-18-2020,181810.9284357738,2212.08068615097
892,892,Texas,09-18-2020,721866.7671803429,15387.461947463968
893,893,Utah,09-18-2020,58570.266802871934,473.68402020329205
894,894,Vermont,09-18-2020,1717.838604162804,56.13398843113057
895,895,Virginia,09-18-2020,-1.0,2881.171523317396
896,896,Washington,09-18-2020,,2084.752080344204
897,897,West Virginia,09-18-2020,11573.096845221695,282.041391628654
898,898,Wisconsin,09-18-2020,88229.95689224133,-1.0
899,899,Wyoming,09-18-2020,-1.0,-1.0
900,900,Alabama,09-19-2020,-1.0,-1.0
901,901,Alaska,09-19-2020,6465.291572773134,56.55480704741493
902,902,Arizona,09-19-2020,214658.60718657574,-1.0
903,903,Arkansas,09-19-2020,-1.0,-1.0
904,904,California,09-19-2020,815798.5427622152,15349.35617710451
905,905,Colorado,09-19-2020,63918.51315671852,2078.22010068883
906,906,Connecticut,09-19-2020,-1.0,4502.2488652806505
907,907,Delaware,09-19-2020,18618.229140987576,610.8003234290221
908,908,Florida,09-19-2020,689019.2770788597,-1.0
909,909,Georgia,09-19-2020,312478.9026806278,6995.257026260062
910,910,Hawaii,09-19-2020,-1.0,-1.0
911,911,Idaho,09-19-2020,37511.00062677682,-1.0
912,912,Illinois,09-19-2020,269306.70857423556,8552.668542984822
913,913,Indiana,09-19-2020,-1.0,3578.3691585929805
914,914,Iowa,09-19-2020,80584.01995523451,1304.3284464228504
915,915,Kansas,09-19-2020,-1.0,514.6452871407977
916,916,Kentucky,09-19-2020,-1.0,1068.897840575766
917,917,Louisiana,09-19-2020,-1.0,5634.105244753197
918,918,Maine,09-19-2020,4984.373589661278,145.50351543903446
919,919,Maryland,09-19-2020,119795.34743316701,4005.3532827775034
920,920,Massachusetts,09-19-2020,,-1.0
921,921,Michigan,09-19-2020,,-1.0
922,922,Minnesota,09-19-2020,-1.0,2049.726926849781
923,923,Mississippi,09-19-2020,-1.0,3074.865418150147
924,924,Missouri,09-19-2020,-1.0,1701.3223486544607
925,925,Montana,09-19-2020,9820.324024028438,131.4791288974546
926,926,Nebraska,09-19-2020,-1.0,-1.0
927,927,Nevada,09-19-2020,75808.85041407592,-1.0
928,928,New Hampshire,09-19-2020,7699.857897011662,448.92743254909743
929,929,New Jersey,09-19-2020,193183.58956970673,15493.699679165105
930,930,New Mexico,09-19-2020,28163.255927985825,860.2803720903091
931,931,New York,09-19-2020,,
932,932,North Carolina,09-19-2020,196526.67294876435,3112.0521143111487
933,933,North Dakota,09-19-2020,-1.0,163.8691504486506
934,934,Ohio,09-19-2020,-1.0,-1.0
935,935,Oklahoma,09-19-2020,70796.5986705252,-1.0
936,936,Oregon,09-19-2020,-1.0,535.5667759983154
937,937,Pennsylvania,09-19-2020,150992.83820214082,7830.668376627092
938,938,Rhode Island,09-19-2020,23398.936796121223,-1.0
939,939,South Carolina,09-19-2020,132420.01606741332,3329.4438073282827
940,940,South Dakota,09-19-2020,16262.844239464324,190.158330497671
941,941,Tennessee,09-19-2020,183383.05064954405,2235.3021672771365
942,942,Texas,09-19-2020,726567.9392032259,15508.443227568228
943,943,Utah,09-19-2020,58924.06978701581,476.7963682124773
944,944,Vermont,09-19-2020,1723.4232463979101,55.92687580783038
945,945,Virginia,09-19-2020,-1.0,2898.105626533259
946,946,Washington,09-19-2020,,2094.783492892759
947,947,West Virginia,09-19-2020,11650.657006918036,285.3534065913327
948,948,Wisconsin,09-19-2020,88876.29463506197,-1.0
949,949,Wyoming,09-19-2020,-1.0,-1.0
950,950,Alabama,09-20-2020,-1.0,-1.0
951,951,Alaska,09-20-2020,6524.328277934731,57.35968356827742
952,952,Arizona,09-20-2020,215543.79900316065,-1.0
953,953,Arkansas,09-20-2020,-1.0,-1.0
954,954,California,09-20-2020,821020.3850095816,15463.943635867357
955,955,Colorado,09-20-2020,64258.973866688415,2087.409224640157
956,956,Connecticut,09-20-2020,-1.0,4505.050895839551
957,957,Delaware,09-20-2020,18702.22229169172,610.3531578435751
958,958,Florida,09-20-2020,692587.3034868166,-1.0
959,959,Georgia,09-20-2020,314438.96303412825,7067.092088094292
960,960,Hawaii,09-20-2020,-1.0,-1.0
961,961,Idaho,09-20-2020,37777.69497468867,-1.0
962,962,Illinois,09-20-2020,270706.0626231801,8563.836020250847
963,963,Indiana,09-20-2020,-1.0,3595.4290175665083
964,964,Iowa,09-20-2020,81359.13906856066,1313.467167718153
965,965,Kansas,09-20-2020,-1.0,517.7626950974419
966,966,Kentucky,09-20-2020,-1.0,1075.1849089988368
967,967,Louisiana,09-20-2020,-1.0,5668.197698331563
968,968,Maine,09-20-2020,5010.35665764307,146.210941895829
969,969,Maryland,09-20-2020,120477.91507160696,4023.60820823003
970,970,Massachusetts,09-20-2020,,-1.0
971,971,Michigan,09-20-2020,,-1.0
972,972,Minnesota,09-20-2020,-1.0,2059.07055505559
973,973,Mississippi,09-20-2020,-1.0,3106.4711524659965
974,974,Missouri,09-20-2020,-1.0,1711.1833773384562
975,975,Montana,09-20-2020,9956.05570183067,132.60783093030958
976,976,Nebraska,09-20-2020,-1.0,-1.0
977,977,Nevada,09-20-2020,75995.90409946055,-1.0
978,978,New Hampshire,09-20-2020,7724.343850889354,450.1039418945518
979,979,New Jersey,09-20-2020,193038.15332303554,15450.39269070776
980,980,New Mexico,09-20-2020,28313.23020352642,864.9900762898187
981,981,New York,09-20-2020,,
982,982,North Carolina,09-20-2020,198005.80641431076,3131.3079618254474
983,983,North Dakota,09-20-2020,-1.0,164.86828877578674
984,984,Ohio,09-20-2020,-1.0,-1.0
985,985,Oklahoma,09-20-2020,71410.49722497631,-1.0
986,986,Oregon,09-20-2020,-1.0,539.5469302866609
987,987,Pennsylvania,09-20-2020,151697.5479857622,7831.8451001175345
988,988,Rhode Island,09-20-2020,23458.097399146558,-1.0
989,989,South Carolina,09-20-2020,133099.3249113747,3362.5629289397853
990,990,South Dakota,09-20-2020,16412.61453155378,191.39912474376382
991,991,Tennessee,09-20-2020,184999.48823743267,2258.4234077116503
992,992,Texas,09-20-2020,731264.0485096254,15628.286608031143
993,993,Utah,09-20-2020,59277.01065738588,479.8981300244287
994,994,Vermont,09-20-2020,1729.0545761031012,55.70995365971187
995,995,Virginia,09-20-2020,-1.0,2915.089943574716
996,996,Washington,09-20-2020,,2104.8858517368494
997,997,West Virginia,09-20-2020,11727.828800793981,288.62713150249624
998,998,Wisconsin,09-20-2020,89518.16779648763,-1.0
999,999,Wyoming,09-20-2020,-1.0,-1.0
1000,1000,Alabama,09-21-2020,-1.0,-1.0
1001,1001,Alaska,09-21-2020,6583.037737109655,58.16588185404747
1002,1002,Arizona,09-21-2020,216462.39701633874,-1.0
1003,1003,Arkansas,09-21-2020,-1.0,-1.0
1004,1004,California,09-21-2020,826230.9515283435,15578.29134835725
1005,1005,Colorado,09-21-2020,64600.08853296966,2096.7575371903868
1006,1006,Connecticut,09-21-2020,-1.0,4507.9471881270865
1007,1007,Delaware,09-21-2020,18787.235645074146,609.8546616569139
1008,1008,Florida,09-21-2020,696192.6249924727,-1.0
1009,1009,Georgia,09-21-2020,316385.51192662393,7139.140491944681
1010,1010,Hawaii,09-21-2020,-1.0,-1.0
1011,1011,Idaho,09-21-2020,38043.30872319024,-1.0
1012,1012,Illinois,09-21-2020,272073.5524863952,8574.535325377565
1013,1013,Indiana,09-21-2020,-1.0,3612.6792877870953
1014,1014,Iowa,09-21-2020,82128.04806276926,1322.5732966702005
1015,1015,Kansas,09-21-2020,-1.0,520.8767494204142
1016,1016,Kentucky,09-21-2020,-1.0,1081.4592630910956
1017,1017,Louisiana,09-21-2020,-1.0,5702.326435579716
1018,1018,Maine,09-21-2020,5036.385554807289,146.92640315853222
1019,1019,Maryland,09-21-2020,121168.40011567595,4042.4277026576606
1020,1020,Massachusetts,09-21-2020,,-1.0
1021,1021,Michigan,09-21-2020,,-1.0
1022,1022,Minnesota,09-21-2020,-1.0,2068.452306104339
1023,1023,Mississippi,09-21-2020,-1.0,3138.4834191449554
1024,1024,Missouri,09-21-2020,-1.0,1721.0547663164818
1025,1025,Montana,09-21-2020,10092.195713280491,133.72091483054848
1026,1026,Nebraska,09-21-2020,-1.0,-1.0
1027,1027,Nevada,09-21-2020,76170.51298947935,-1.0
1028,1028,New Hampshire,09-21-2020,7749.022813983224,451.3065708884677
1029,1029,New Jersey,09-21-2020,192870.56600815093,15405.194588269149
1030,1030,New Mexico,09-21-2020,28463.775352466153,869.7216286958742
1031,1031,New York,09-21-2020,,
1032,1032,North Carolina,09-21-2020,199479.8063993263,3150.521155900637
1033,1033,North Dakota,09-21-2020,-1.0,165.86472705676482
1034,1034,Ohio,09-21-2020,-1.0,-1.0
1035,1035,Oklahoma,09-21-2020,72020.94377809344,-1.0
1036,1036,Oregon,09-21-2020,-1.0,543.511594580468
1037,1037,Pennsylvania,09-21-2020,152409.16691928814,7832.352238031294
1038,1038,Rhode Island,09-21-2020,23515.432203953224,-1.0
1039,1039,South Carolina,09-21-2020,133774.4395333307,3395.8573002948838
1040,1040,South Dakota,09-21-2020,16560.70284078619,192.62977772783915
1041,1041,Tennessee,09-21-2020,186632.15419093336,2281.4454679714463
1042,1042,Texas,09-21-2020,735956.1065854088,15747.033665274743
1043,1043,Utah,09-21-2020,59629.10270368547,482.98967065171155
1044,1044,Vermont,09-21-2020,1734.735761437455,55.48118912425243
1045,1045,Virginia,09-21-2020,-1.0,2932.121829160752
1046,1046,Washington,09-21-2020,,2115.05478752081
1047,1047,West Virginia,09-21-2020,11804.624478210337,291.8637435831454
1048,1048,Wisconsin,09-21-2020,90155.58998560865,-1.0
1049,1049,Wyoming,09-21-2020,-1.0,-1.0
1050,1050,Alabama,09-22-2020,-1.0,-1.0
1051,1051,Alaska,09-22-2020,6641.424584287602,58.97383334626032
1052,1052,Arizona,09-22-2020,217415.28265423136,-1.0
1053,1053,Arkansas,09-22-2020,-1.0,-1.0
1054,1054,California,09-22-2020,831430.3526935262,15692.402146640528
1055,1055,Colorado,09-22-2020,64941.834447465466,2106.2573492444462
1056,1056,Connecticut,09-22-2020,-1.0,4510.937542416687
1057,1057,Delaware,09-22-2020,18873.228471981092,609.3051164428454
1058,1058,Florida,09-22-2020,699836.3441850626,-1.0
1059,1059,Georgia,09-22-2020,318318.991595892,7211.374725264704
1060,1060,Hawaii,09-22-2020,-1.0,-1.0
1061,1061,Idaho,09-22-2020,38307.85739033975,-1.0
1062,1062,Illinois,09-22-2020,273409.64327741193,8584.759687863116
1063,1063,Indiana,09-22-2020,-1.0,3630.111216873958
1064,1064,Iowa,09-22-2020,82890.88826064023,1331.6475532937293
1065,1065,Kansas,09-22-2020,-1.0,523.9876992120791
1066,1066,Kentucky,09-22-2020,-1.0,1087.722665664637
1067,1067,Louisiana,09-22-2020,-1.0,5736.490550519209
1068,1068,Maine,09-22-2020,5062.455069124598,147.64969815684444
1069,1069,Maryland,09-22-2020,121866.59833887027,4061.8173830586948
1070,1070,Massachusetts,09-22-2020,,-1.0
1071,1071,Michigan,09-22-2020,,-1.0
1072,1072,Minnesota,09-22-2020,-1.0,2077.871604166774
1073,1073,Mississippi,09-22-2020,-1.0,3171.254518699029
1074,1074,Missouri,09-22-2020,-1.0,1730.9349254093293
1075,1075,Montana,09-22-2020,10228.939747784081,134.81918922766081
1076,1076,Nebraska,09-22-2020,-1.0,-1.0
1077,1077,Nevada,09-22-2020,76333.14161142606,-1.0
1078,1078,New Hampshire,09-22-2020,7773.8929879632105,452.53474201118837
1079,1079,New Jersey,09-22-2020,192680.91936616972,15357.865587791583
1080,1080,New Mexico,09-22-2020,28614.861910583186,874.4739563607637
1081,1081,New York,09-22-2020,,
1082,1082,North Carolina,09-22-2020,200948.72904996006,3169.6975673409906
1083,1083,North Dakota,09-22-2020,-1.0,166.85869895269929
1084,1084,Ohio,09-22-2020,-1.0,-1.0
1085,1085,Oklahoma,09-22-2020,72627.99243323415,-1.0
1086,1086,Oregon,09-22-2020,-1.0,547.4610724962117
1087,1087,Pennsylvania,09-22-2020,153127.87697715344,7832.169497336648
1088,1088,Rhode Island,09-22-2020,23570.920068899275,-1.0
1089,1089,South Carolina,09-22-2020,134445.6400756586,3429.3269213937897
1090,1090,South Dakota,09-22-2020,16707.171120307503,193.85064642836787
1091,1091,Tennessee,09-22-2020,188240.7730347924,2304.369397353503
1092,1092,Texas,09-22-2020,740645.079392924,15864.724456607419
1093,1093,Utah,09-22-2020,59980.359724190304,486.0713425212412
1094,1094,Vermont,09-22-2020,1740.4688658012585,55.24257881055307
1095,1095,Virginia,09-22-2020,-1.0,2949.198777448467
1096,1096,Washington,09-22-2020,,2125.286063326154
1097,1097,West Virginia,09-22-2020,11881.05588634578,295.06438386082505
1098,1098,Wisconsin,09-22-2020,90788.5868108113,-1.0
1099,1099,Wyoming,09-22-2020,-1.0,-1.0
1100,1100,Alabama,09-23-2020,-1.0,-1.0
1101,1101,Alaska,09-23-2020,6699.493387838333,59.78392621964384
1102,1102,Arizona,09-23-2020,218403.23763659297,-1.0
1103,1103,Arkansas,09-23-2020,-1.0,-1.0
1104,1104,California,09-23-2020,836618.6977997241,15806.278829328998
1105,1105,Colorado,09-23-2020,65284.189754990686,2115.9013430784457
1106,1106,Connecticut,09-23-2020,-1.0,4514.0217594049755
1107,1107,Delaware,09-23-2020,18960.161669272926,608.7047557700612
1108,1108,Florida,09-23-2020,703519.4160092821,-1.0
1109,1109,Georgia,09-23-2020,320239.8541363009,7283.795782283159
1110,1110,Hawaii,09-23-2020,-1.0,-1.0
1111,1111,Idaho,09-23-2020,38571.356267448864,-1.0
1112,1112,Illinois,09-23-2020,274714.90891705453,8594.548287688785
1113,1113,Indiana,09-23-2020,-1.0,3647.716513374313
1114,1114,Iowa,09-23-2020,83647.79776889147,1340.690641697248
1115,1115,Kansas,09-23-2020,-1.0,527.0957751615796
1116,1116,Kentucky,09-23-2020,-1.0,1093.9766351312112
1117,1117,Louisiana,09-23-2020,-1.0,5770.689351974753
1118,1118,Maine,09-23-2020,5088.560579902174,148.38063085223223
1119,1119,Maryland,09-23-2020,122572.27339354776,4081.782407855794
1120,1120,Massachusetts,09-23-2020,,-1.0
1121,1121,Michigan,09-23-2020,,-1.0
1122,1122,Minnesota,09-23-2020,-1.0,2087.327882111293
1123,1123,Mississippi,09-23-2020,-1.0,3204.3456895069903
1124,1124,Missouri,09-23-2020,-1.0,1740.822508510971
1125,1125,Montana,09-23-2020,10366.725306548433,135.90342061748962
1126,1126,Nebraska,09-23-2020,-1.0,-1.0
1127,1127,Nevada,09-23-2020,76484.2698608796,-1.0
1128,1128,New Hampshire,09-23-2020,7798.952591254882,453.78789051699073
1129,1129,New Jersey,09-23-2020,192469.26060789754,15308.570664513834
1130,1130,New Mexico,09-23-2020,28766.461848392217,879.2460390283679
1131,1131,New York,09-23-2020,,
1132,1132,North Carolina,09-23-2020,202412.6308152795,3188.8422638854177
1133,1133,North Dakota,09-23-2020,-1.0,167.8504179072977
1134,1134,Ohio,09-23-2020,-1.0,-1.0
1135,1135,Oklahoma,09-23-2020,73231.69656993932,-1.0
1136,1136,Oregon,09-23-2020,-1.0,551.3956616639475
1137,1137,Pennsylvania,09-23-2020,153853.8455984629,7831.296480192939
1138,1138,Rhode Island,09-23-2020,23624.578864424246,-1.0
1139,1139,South Carolina,09-23-2020,135113.2079880724,3462.971792236633
1140,1140,South Dakota,09-23-2020,16852.079041318702,195.0623018806946
1141,1141,Tennessee,09-23-2020,189839.26731349633,2327.1962340535456
1142,1142,Texas,09-23-2020,745331.8879157107,15981.397575729086
1143,1143,Utah,09-23-2020,60330.795860267586,489.14348590823687
1144,1144,Vermont,09-23-2020,1746.254940972454,54.99216171640243
1145,1145,Virginia,09-23-2020,-1.0,2966.318414562953
1146,1146,Washington,09-23-2020,,2135.5755751951265
1147,1147,West Virginia,09-23-2020,11957.134488042937,298.23015828238607
1148,1148,Wisconsin,09-23-2020,91417.19459626918,-1.0
1149,1149,Wyoming,09-23-2020,-1.0,-1.0
1150,1150,Alabama,09-24-2020,-1.0,-1.0
1151,1151,Alaska,09-24-2020,6757.248651440889,60.59650972109951
1152,1152,Arizona,09-24-2020,219426.9435063485,-1.0
1153,1153,Arkansas,09-24-2020,-1.0,-1.0
1154,1154,California,09-24-2020,841796.0950716764,15919.924161975123
1155,1155,Colorado,09-24-2020,65627.13332298397,2125.6825544155454
1156,1156,Connecticut,09-24-2020,-1.0,4517.199640210867
1157,1157,Delaware,09-24-2020,19047.997694909413,608.0537733864612
1158,1158,Florida,09-24-2020,707242.6509149784,-1.0
1159,1159,Georgia,09-24-2020,322148.5604236783,7356.423485106755
1160,1160,Hawaii,09-24-2020,-1.0,-1.0
1161,1161,Idaho,09-24-2020,38833.82042386871,-1.0
1162,1162,Illinois,09-24-2020,275990.02905527374,8603.895213771584
1163,1163,Indiana,09-24-2020,-1.0,3665.4872280329414
1164,1164,Iowa,09-24-2020,84398.91155136633,1349.7032504344318
1165,1165,Kansas,09-24-2020,-1.0,530.2011908774318
1166,1166,Kentucky,09-24-2020,-1.0,1100.222479382051
1167,1167,Louisiana,09-24-2020,-1.0,5804.922045904712
1168,1168,Maine,09-24-2020,5114.697991113163,149.11901011200897
1169,1169,Maryland,09-24-2020,123285.15871131932,4102.3274737467045
1170,1170,Massachusetts,09-24-2020,,-1.0
1171,1171,Michigan,09-24-2020,,-1.0
1172,1172,Minnesota,09-24-2020,-1.0,2096.8205813725767
1173,1173,Mississippi,09-24-2020,-1.0,3237.1227823969803
1174,1174,Missouri,09-24-2020,-1.0,1750.716376126293
1175,1175,Montana,09-24-2020,10505.623946570156,136.97433596302437
1176,1176,Nebraska,09-24-2020,-1.0,-1.0
1177,1177,Nevada,09-24-2020,76624.39219971004,-1.0
1178,1178,New Hampshire,09-24-2020,7824.199858883317,455.06546414920405
1179,1179,New Jersey,09-24-2020,192235.5930827889,15257.22661226041
1180,1180,New Mexico,09-24-2020,28918.548530934244,884.0369065465181
1181,1181,New York,09-24-2020,,
1182,1182,North Carolina,09-24-2020,203871.56819926575,3207.9596183534763
1183,1183,North Dakota,09-24-2020,-1.0,168.84007889119513
1184,1184,Ohio,09-24-2020,-1.0,-1.0
1185,1185,Oklahoma,09-24-2020,73832.10881238405,-1.0
1186,1186,Oregon,09-24-2020,-1.0,555.3156538619716
1187,1187,Pennsylvania,09-24-2020,154587.22540929812,7829.747356262128
1188,1188,Rhode Island,09-24-2020,23676.393485161523,-1.0
1189,1189,South Carolina,09-24-2020,135777.4254918738,3496.7919128233093
1190,1190,South Dakota,09-24-2020,16995.484077127614,196.26547900255034
1191,1191,Tennessee,09-24-2020,191471.76676354682,2349.927005283497
1192,1192,Texas,09-24-2020,750017.4087608438,16097.090206208311
1193,1193,Utah,09-24-2020,60680.425465427514,492.20642935521255
1194,1194,Vermont,09-24-2020,1752.0941249723874,54.73186387212412
1195,1195,Virginia,09-24-2020,-1.0,2983.478491699202
1196,1196,Washington,09-24-2020,,2145.919352350167
1197,1197,West Virginia,09-24-2020,12032.871378389693,301.3621387925349
1198,1198,Wisconsin,09-24-2020,92041.45919531558,-1.0
1199,1199,Wyoming,09-24-2020,-1.0,-1.0
1200,1200,Alabama,09-25-2020,-1.0,-1.0
1201,1201,Alaska,09-25-2020,6814.6948149996515,61.411898073551804
1202,1202,Arizona,09-25-2020,220486.98142070737,-1.0
1203,1203,Arkansas,09-25-2020,-1.0,-1.0
1204,1204,California,09-25-2020,846962.6516747401,16033.340877462548
1205,1205,Colorado,09-25-2020,65970.64476972377,2135.5943553608836
1206,1206,Connecticut,09-25-2020,-1.0,4520.4709863746775
1207,1207,Delaware,09-25-2020,19136.70050562655,607.3523300081433
1208,1208,Florida,09-25-2020,711006.7182780359,-1.0
1209,1209,Georgia,09-25-2020,324045.579056263,7429.252158510956
1210,1210,Hawaii,09-25-2020,-1.0,-1.0
1211,1211,Idaho,09-25-2020,39095.26471112793,-1.0
1212,1212,Illinois,09-25-2020,277235.7856406375,8612.77231384415
1213,1213,Indiana,09-25-2020,-1.0,3683.415798492769
1214,1214,Iowa,09-25-2020,85144.36150055556,1358.6860528477503
1215,1215,Kansas,09-25-2020,-1.0,533.304144132765
1216,1216,Kentucky,09-25-2020,-1.0,1106.4613249731897
1217,1217,Louisiana,09-25-2020,-1.0,5839.18792651855
1218,1218,Maine,09-25-2020,5140.863672117733,149.86464958656637
1219,1219,Maryland,09-25-2020,124004.95950303029,4123.456812923578
1220,1220,Massachusetts,09-25-2020,,-1.0
1221,1221,Michigan,09-25-2020,,-1.0
1222,1222,Minnesota,09-25-2020,-1.0,2106.3491518221954
1223,1223,Mississippi,09-25-2020,-1.0,3269.5556592735197
1224,1224,Missouri,09-25-2020,-1.0,1760.6155636588314
1225,1225,Montana,09-25-2020,10645.311830983468,138.03262452254214
1226,1226,Nebraska,09-25-2020,-1.0,-1.0
1227,1227,Nevada,09-25-2020,76754.01683670004,-1.0
1228,1228,New Hampshire,09-25-2020,7849.633042318446,456.36692286285603
1229,1229,New Jersey,09-25-2020,191979.89244107035,15203.844227724076
1230,1230,New Mexico,09-25-2020,29071.0966678543,888.8456364064323
1231,1231,New York,09-25-2020,,
1232,1232,North Carolina,09-25-2020,205325.5975780843,3227.0534028139446
1233,1233,North Dakota,09-25-2020,-1.0,169.8278600027386
1234,1234,Ohio,09-25-2020,-1.0,-1.0
1235,1235,Oklahoma,09-25-2020,74429.28101249665,-1.0
1236,1236,Oregon,09-25-2020,-1.0,559.2213351406658
1237,1237,Pennsylvania,09-25-2020,155328.15397503148,7827.515776053971
1238,1238,Rhode Island,09-25-2020,23726.37669923399,-1.0
1239,1239,South Carolina,09-25-2020,136438.57505384035,3530.7872831538575
1240,1240,South Dakota,09-25-2020,17137.441584104778,197.461029924081
1241,1241,Tennessee,09-25-2020,193139.51744655345,2372.5627273876785
1242,1242,Texas,09-25-2020,754702.4748147151,16211.8381730055
1243,1243,Utah,09-25-2020,61029.26300193821,495.2604900765214
1244,1244,Vermont,09-25-2020,1757.9857426596157,54.459793595604786
1245,1245,Virginia,09-25-2020,-1.0,3000.6768785102554
1246,1246,Washington,09-25-2020,,2156.313557127526
1247,1247,West Virginia,09-25-2020,12108.277299114048,304.46136437922365
1248,1248,Wisconsin,09-25-2020,92661.43489451893,-1.0
1249,1249,Wyoming,09-25-2020,-1.0,-1.0
1250,1250,Alabama,09-26-2020,-1.0,-1.0
1251,1251,Alaska,09-26-2020,6871.836255547421,62.230373988302794
1252,1252,Arizona,09-26-2020,221583.8321984704,-1.0
1253,1253,Arkansas,09-26-2020,-1.0,-1.0
1254,1254,California,09-26-2020,852118.4737252599,16146.531676392002
1255,1255,Colorado,09-26-2020,66314.70441014318,2145.6304381573163
1256,1256,Connecticut,09-26-2020,-1.0,4523.835599857229
1257,1257,Delaware,09-26-2020,19226.235497101516,606.6005589509477
1258,1258,Florida,09-26-2020,714812.1500725667,-1.0
1259,1259,Georgia,09-26-2020,325931.3853131155,7502.268759488059
1260,1260,Hawaii,09-26-2020,-1.0,-1.0
1261,1261,Idaho,09-26-2020,39355.703766651066,-1.0
1262,1262,Illinois,09-26-2020,278453.05915311107,8621.192037265055
1263,1263,Indiana,09-26-2020,-1.0,3701.494994266713
1264,1264,Iowa,09-26-2020,85884.27650749164,1367.639707404508
1265,1265,Kansas,09-26-2020,-1.0,536.4048180259709
1266,1266,Kentucky,09-26-2020,-1.0,1112.694142265796
1267,1267,Louisiana,09-26-2020,-1.0,5873.486260382388
1268,1268,Maine,09-26-2020,5167.054404993784,150.6173675896785
1269,1269,Maryland,09-26-2020,124731.35484636136,4145.174190662353
1270,1270,Massachusetts,09-26-2020,,-1.0
1271,1271,Michigan,09-26-2020,,-1.0
1272,1272,Minnesota,09-26-2020,-1.0,2115.9130516411747
1273,1273,Mississippi,09-26-2020,-1.0,3302.2163703902056
1274,1274,Missouri,09-26-2020,-1.0,1770.5192545659552
1275,1275,Montana,09-26-2020,10785.556921180192,139.07893991475729
1276,1276,Nebraska,09-26-2020,-1.0,-1.0
1277,1277,Nevada,09-26-2020,76873.6648921027,-1.0
1278,1278,New Hampshire,09-26-2020,7875.250409321827,457.6917385540636
1279,1279,New Jersey,09-26-2020,191702.12634846478,15148.465848834625
1280,1280,New Mexico,09-26-2020,29224.08225830506,893.6713514029868
1281,1281,New York,09-26-2020,,
1282,1282,North Carolina,09-26-2020,206774.77506595122,3246.126870377758
1283,1283,North Dakota,09-26-2020,-1.0,170.81392392728338
1284,1284,Ohio,09-26-2020,-1.0,-1.0
1285,1285,Oklahoma,09-26-2020,75023.26424284212,-1.0
1286,1286,Oregon,09-26-2020,-1.0,563.1129859395917
1287,1287,Pennsylvania,09-26-2020,156076.7535830287,7824.594943502592
1288,1288,Rhode Island,09-26-2020,23774.517714125526,-1.0
1289,1289,South Carolina,09-26-2020,137096.93887050418,3564.957903228272
1290,1290,South Dakota,09-26-2020,17278.004879657434,198.64988155437757
1291,1291,Tennessee,09-26-2020,194799.7298154416,2395.104405957791
1292,1292,Texas,09-26-2020,759387.8759481792,16325.675992113536
1293,1293,Utah,09-26-2020,61377.322959436875,498.3059743489511
1294,1294,Vermont,09-26-2020,1763.9284072344171,54.177808833302564
1295,1295,Virginia,09-26-2020,-1.0,3017.9115568769967
1296,1296,Washington,09-26-2020,,2166.754484642739
1297,1297,West Virginia,09-26-2020,12183.36265147646,307.52884208689994
1298,1298,Wisconsin,09-26-2020,93277.18340263181,-1.0
1299,1299,Wyoming,09-26-2020,-1.0,-1.0
