,states,04-12-2020,04-13-2020,04-14-2020,04-15-2020,04-16-2020,04-17-2020,04-18-2020,04-19-2020,04-20-2020,04-21-2020,04-22-2020,04-23-2020,04-24-2020,04-25-2020,04-26-2020,04-27-2020,04-28-2020,04-29-2020,04-30-2020,05-01-2020,05-02-2020,05-03-2020,05-04-2020,05-05-2020,05-06-2020,05-07-2020,05-08-2020,05-09-2020,05-10-2020,05-11-2020,05-12-2020,05-13-2020,05-14-2020,05-15-2020,05-16-2020,05-17-2020,05-18-2020,05-19-2020,05-20-2020,05-21-2020,05-22-2020,05-23-2020,05-24-2020,05-25-2020,05-26-2020,05-27-2020,05-28-2020,05-29-2020,05-30-2020,05-31-2020,06-01-2020,06-02-2020,06-03-2020,06-04-2020,06-05-2020,06-06-2020,06-07-2020,06-08-2020,06-09-2020,06-10-2020,06-11-2020,06-12-2020,06-13-2020,06-14-2020,06-15-2020,06-16-2020,06-17-2020,06-18-2020,06-19-2020,06-20-2020,06-21-2020,06-22-2020,06-23-2020,06-24-2020,06-25-2020,06-26-2020,06-27-2020,06-28-2020,06-29-2020,06-30-2020,07-01-2020,07-02-2020,07-03-2020,07-04-2020,07-05-2020,07-06-2020,07-07-2020,07-08-2020,07-09-2020,07-10-2020,07-11-2020,07-12-2020,07-13-2020,07-14-2020,07-15-2020,07-16-2020,07-17-2020,07-18-2020,07-19-2020,07-20-2020,07-21-2020,07-22-2020,07-23-2020,07-24-2020,07-25-2020,07-26-2020,07-27-2020,07-28-2020,07-29-2020,07-30-2020,07-31-2020,08-01-2020,08-02-2020,08-03-2020,08-04-2020,08-05-2020,08-06-2020,08-07-2020,08-08-2020,08-09-2020,08-10-2020,08-11-2020,08-12-2020,08-13-2020,08-14-2020,08-15-2020,08-16-2020,08-17-2020,08-18-2020,08-19-2020,08-20-2020,08-21-2020,08-22-2020,08-23-2020,08-24-2020,08-25-2020,08-26-2020,08-27-2020,08-28-2020,08-29-2020,08-30-2020,08-31-2020
0,Alabama,20753.0,29024.0,29105.0,29492.0,29992.0,33631.0,33423.0,24401.0,30540.0,34393.0,34991.0,32161.0,38680.0,38683.0,32374.0,33736.0,37011.0,35583.0,39454.0,44309.0,49324.0,38383.0,37215.0,37724.0,40357.0,45464.0,50306.0,58299.0,48153.0,44841.0,45936.0,47511.0,51361.0,61755.0,70467.0,60556.0,53450.0,52573.0,57300.0,64346.0,84156.0,96037.0,82692.0,77089.0,64881.0,62823.0,66812.0,80068.0,93518.0,73853.0,65943.0,63568.0,66675.0,69851.0,79545.0,94291.0,67011.0,63310.0,61301.0,64262.0,72034.0,84822.0,110264.0,84358.0,68725.0,63271.0,68435.0,72059.0,88503.0,117190.0,82721.0,70495.0,66209.0,70438.0,76210.0,88776.0,111669.0,87428.0,72057.0,70151.0,73141.0,84749.0,105689.0,103393.0,94742.0,74574.0,67544.0,69217.0,74439.0,89117.0,110881.0,80540.0,71041.0,68472.0,71795.0,73333.0,85417.0,109114.0,80823.0,66998.0,67020.0,72301.0,80044.0,94809.0,113368.0,83307.0,65886.0,63016.0,68210.0,73100.0,88301.0,106813.0,82793.0,65915.0,64539.0,66847.0,70931.0,83321.0,93960.0,69664.0,59455.0,58107.0,60630.0,66164.0,79021.0,93287.0,74318.0,59069.0,58774.0,58732.0,62217.0,71877.0,80908.0,61532.0,48852.0,48037.0,50761.0,53994.0,59816.0,72387.0,56051.0,52421.0
1,Alaska,1132.0,1199.0,1232.0,1266.0,1289.0,1337.0,1253.0,1184.0,1319.0,1450.0,1475.0,1509.0,1499.0,1557.0,1465.0,1513.0,1571.0,1609.0,1622.0,696.0,739.0,689.0,840.0,899.0,951.0,981.0,931.0,1005.0,1009.0,1084.0,1138.0,1252.0,1242.0,1401.0,1397.0,1322.0,1399.0,1501.0,1640.0,1677.0,1764.0,1674.0,1660.0,1652.0,1848.0,2439.0,2741.0,2833.0,3054.0,2786.0,2995.0,2298.0,2351.0,2351.0,2564.0,2617.0,2746.0,2864.0,2954.0,2882.0,2859.0,3050.0,3154.0,3089.0,2864.0,2829.0,3101.0,3182.0,3306.0,3456.0,3341.0,3587.0,3539.0,3621.0,3920.0,3378.0,3372.0,3802.0,3916.0,3768.0,3373.0,3580.0,3784.0,3666.0,3746.0,3919.0,3919.0,4087.0,4290.0,4522.0,4448.0,4314.0,4499.0,4658.0,4805.0,4747.0,4811.0,4783.0,4568.0,4611.0,4955.0,4950.0,5052.0,5198.0,5041.0,5014.0,4913.0,4849.0,5066.0,5055.0,5297.0,4370.0,4244.0,4161.0,4079.0,4078.0,4059.0,4216.0,4216.0,3834.0,3855.0,3599.0,3524.0,3714.0,3889.0,3779.0,3571.0,3483.0,3427.0,3426.0,3554.0,3665.0,3677.0,3166.0,3031.0,3105.0,3008.0,3163.0,3363.0,3315.0,3273.0,3445.0
2,Arizona,18697.0,18976.0,18409.0,19256.0,19699.0,21435.0,22113.0,19815.0,20183.0,22363.0,23183.0,24611.0,26062.0,26869.0,24471.0,22591.0,22225.0,22813.0,25072.0,23860.0,24650.0,21126.0,20487.0,19647.0,21022.0,22548.0,25873.0,28018.0,24352.0,22934.0,23389.0,24263.0,26399.0,32290.0,35411.0,33056.0,28972.0,28204.0,31683.0,36704.0,47153.0,52579.0,49855.0,43991.0,37136.0,34036.0,36919.0,43751.0,46389.0,40508.0,36505.0,33909.0,35837.0,38128.0,43535.0,46846.0,44360.0,40877.0,38628.0,37893.0,41202.0,48082.0,54105.0,48551.0,38140.0,35238.0,37641.0,39226.0,44171.0,47255.0,41494.0,40063.0,37491.0,38113.0,40255.0,42615.0,43493.0,42457.0,37633.0,35631.0,34060.0,37194.0,42638.0,39628.0,39696.0,35101.0,32147.0,32362.0,33890.0,37462.0,36875.0,33817.0,32733.0,30661.0,32697.0,33748.0,37182.0,38314.0,35943.0,32443.0,32377.0,33844.0,35659.0,39835.0,41061.0,37585.0,33675.0,34609.0,36510.0,39013.0,43146.0,42182.0,39473.0,34135.0,33757.0,34308.0,36526.0,41744.0,43332.0,39488.0,36546.0,35005.0,35463.0,39636.0,46635.0,51173.0,46946.0,40662.0,39315.0,39348.0,42412.0,47044.0,48951.0,42269.0,33406.0,32583.0,32772.0,34853.0,39178.0,42918.0,38765.0,36082.0
3,Arkansas,15520.0,20436.0,20619.0,22579.0,23664.0,24721.0,25029.0,18341.0,22521.0,26695.0,25551.0,27493.0,27580.0,26780.0,23059.0,24560.0,25273.0,26231.0,28157.0,29453.0,30031.0,20689.0,24121.0,25475.0,27267.0,28828.0,31441.0,34462.0,26763.0,26945.0,27649.0,29655.0,30499.0,32384.0,33775.0,28847.0,29702.0,31065.0,33782.0,37611.0,47779.0,51010.0,44131.0,37657.0,34165.0,34596.0,36732.0,43555.0,45148.0,36202.0,34797.0,35599.0,37034.0,38887.0,44810.0,46844.0,39124.0,35278.0,37482.0,37016.0,39467.0,45392.0,52286.0,41494.0,33441.0,32770.0,35912.0,37901.0,44149.0,46665.0,35822.0,35891.0,35185.0,36504.0,39515.0,43978.0,45314.0,40017.0,35739.0,37308.0,37863.0,43440.0,55619.0,50669.0,46704.0,39510.0,37692.0,37603.0,39411.0,46834.0,47093.0,38873.0,36947.0,35979.0,37502.0,41419.0,48191.0,49873.0,40680.0,36101.0,36558.0,37577.0,40562.0,48255.0,50952.0,41036.0,36257.0,36737.0,37667.0,40842.0,47238.0,50105.0,41260.0,36096.0,36348.0,36899.0,38988.0,46487.0,48980.0,38821.0,35416.0,35186.0,37036.0,40246.0,46793.0,51356.0,41386.0,35857.0,37323.0,37209.0,38817.0,45011.0,49864.0,39404.0,33331.0,34892.0,35658.0,34062.0,39104.0,42958.0,33214.0,33764.0
4,California,28163.0,32423.0,33522.0,32004.0,32447.0,33732.0,32020.0,29722.0,34190.0,37902.0,37912.0,39489.0,39867.0,38350.0,36105.0,38606.0,39743.0,39072.0,39908.0,30694.0,29163.0,25591.0,31675.0,32300.0,33494.0,36404.0,36025.0,38567.0,35663.0,37717.0,37631.0,37706.0,38608.0,42710.0,41808.0,39799.0,41248.0,42242.0,43439.0,47224.0,53371.0,54755.0,52469.0,51855.0,52712.0,50642.0,53340.0,59227.0,61269.0,54556.0,55796.0,53762.0,54553.0,56505.0,61593.0,62261.0,59642.0,62462.0,60924.0,57654.0,60840.0,67461.0,71515.0,66341.0,58605.0,54867.0,60124.0,61746.0,67807.0,71379.0,63451.0,70104.0,69101.0,70228.0,74163.0,73303.0,73551.0,76332.0,74583.0,74665.0,71549.0,77739.0,89457.0,83455.0,85381.0,80439.0,76628.0,76309.0,79107.0,85528.0,83527.0,78426.0,80355.0,73457.0,78152.0,80832.0,82249.0,83511.0,79316.0,73953.0,75046.0,76166.0,79270.0,84684.0,85963.0,79290.0,75662.0,75687.0,77760.0,80188.0,85659.0,80029.0,77901.0,70481.0,67214.0,67946.0,70494.0,77293.0,78697.0,72229.0,71421.0,70673.0,70140.0,79167.0,84498.0,86632.0,81848.0,77553.0,75547.0,73748.0,88426.0,81111.0,81342.0,71404.0,64252.0,62466.0,62355.0,65987.0,70711.0,74739.0,68668.0,69618.0
5,Colorado,10794.0,12142.0,12141.0,12886.0,11972.0,13556.0,13289.0,12605.0,14859.0,15759.0,16000.0,15882.0,15815.0,15727.0,14865.0,16793.0,16058.0,16548.0,17764.0,15606.0,15302.0,13605.0,15564.0,15585.0,16452.0,17732.0,18564.0,19781.0,17589.0,18115.0,19373.0,20263.0,20884.0,23290.0,24423.0,23376.0,23735.0,22816.0,24551.0,27136.0,32242.0,34919.0,31625.0,30634.0,29012.0,27740.0,30460.0,33676.0,34669.0,31036.0,32017.0,30155.0,31347.0,33187.0,36640.0,37870.0,37130.0,38787.0,35976.0,35672.0,37759.0,42229.0,47525.0,43343.0,38754.0,36698.0,40751.0,40962.0,44145.0,48437.0,43561.0,47902.0,46529.0,49326.0,52708.0,53151.0,55696.0,56313.0,54533.0,53500.0,52431.0,57157.0,65577.0,62911.0,64908.0,62384.0,59439.0,61350.0,64417.0,70178.0,71321.0,65734.0,65373.0,60223.0,62336.0,66221.0,68733.0,71265.0,67866.0,64321.0,62231.0,63880.0,67972.0,74185.0,76321.0,70850.0,65636.0,64241.0,67103.0,71129.0,76037.0,75294.0,70579.0,64238.0,60938.0,62139.0,65516.0,69386.0,68923.0,61607.0,58013.0,53548.0,55613.0,60579.0,64046.0,66518.0,61119.0,54603.0,52521.0,51634.0,57750.0,57697.0,56455.0,48652.0,42389.0,39788.0,40511.0,43346.0,46114.0,49110.0,44428.0,43738.0
6,Connecticut,8725.0,9572.0,11496.0,11219.0,10959.0,11580.0,9830.0,10586.0,11113.0,11595.0,12574.0,12740.0,11845.0,14046.0,10699.0,12018.0,13140.0,12390.0,12147.0,9337.0,10989.0,8999.0,9395.0,9952.0,10507.0,11875.0,10880.0,11526.0,10643.0,10257.0,11159.0,12044.0,12591.0,13739.0,15121.0,12651.0,12171.0,12345.0,13661.0,15000.0,18361.0,17112.0,18645.0,16481.0,16287.0,15511.0,14826.0,17025.0,20145.0,17583.0,16630.0,16165.0,16418.0,17914.0,18861.0,21844.0,20065.0,18017.0,18454.0,17640.0,17256.0,20524.0,25533.0,21324.0,16618.0,16586.0,18707.0,19030.0,21248.0,26652.0,22084.0,20203.0,19669.0,19941.0,21028.0,22186.0,24246.0,23509.0,19900.0,19824.0,19391.0,21401.0,25178.0,26691.0,26894.0,20636.0,19912.0,19502.0,21078.0,20896.0,24458.0,22866.0,19689.0,19852.0,20888.0,21716.0,23216.0,27951.0,24336.0,19431.0,20624.0,20751.0,22095.0,25597.0,29854.0,26033.0,20398.0,20778.0,22524.0,23364.0,26445.0,30321.0,25969.0,20845.0,16378.0,18762.0,19878.0,23446.0,28325.0,25128.0,23360.0,24002.0,24343.0,25598.0,28012.0,32289.0,28381.0,24008.0,24697.0,23902.0,25360.0,27202.0,30626.0,26690.0,22284.0,21847.0,22559.0,21585.0,25725.0,27938.0,27235.0,24162.0
7,Delaware,4598.0,6105.0,6807.0,6813.0,7078.0,7695.0,6319.0,5733.0,7007.0,7658.0,8249.0,8331.0,7796.0,8063.0,5923.0,7573.0,8296.0,7968.0,8047.0,8217.0,8588.0,6075.0,7483.0,7706.0,7809.0,9022.0,9044.0,9305.0,8071.0,8002.0,8389.0,9042.0,9823.0,12274.0,12721.0,10617.0,9579.0,9325.0,10302.0,12571.0,15084.0,16389.0,14950.0,13317.0,12541.0,11544.0,11877.0,15030.0,16111.0,13764.0,14019.0,13721.0,14559.0,16280.0,19771.0,24277.0,21556.0,18519.0,18143.0,18154.0,19296.0,23516.0,29723.0,24256.0,18643.0,17607.0,18505.0,19796.0,23677.0,29262.0,23681.0,21756.0,20495.0,21023.0,22535.0,26022.0,29646.0,25954.0,21939.0,21175.0,21155.0,24401.0,29004.0,28803.0,26998.0,22270.0,21295.0,21443.0,22209.0,22341.0,25671.0,21908.0,19800.0,19943.0,21129.0,23186.0,25433.0,29223.0,24937.0,21673.0,22172.0,21800.0,22601.0,26233.0,30627.0,25708.0,21730.0,21370.0,23041.0,23840.0,27173.0,30787.0,26183.0,21910.0,17727.0,22030.0,23523.0,26971.0,31090.0,25318.0,21653.0,21165.0,19992.0,22169.0,25751.0,29348.0,23616.0,19557.0,20033.0,19814.0,21099.0,24206.0,27017.0,21717.0,17461.0,16957.0,17631.0,18596.0,20938.0,23426.0,19659.0,17254.0
8,Florida,37701.0,45027.0,42315.0,43123.0,43890.0,46760.0,45922.0,41643.0,47119.0,52845.0,54315.0,55198.0,58228.0,60310.0,54897.0,57889.0,57754.0,57850.0,63434.0,57913.0,65856.0,56197.0,60770.0,61424.0,68014.0,76922.0,89249.0,99325.0,83818.0,80550.0,81161.0,84924.0,92307.0,110782.0,127578.0,116511.0,101995.0,98336.0,106117.0,124240.0,170029.0,209814.0,203165.0,181504.0,157124.0,149363.0,156614.0,179370.0,202754.0,175287.0,162609.0,154483.0,158870.0,168613.0,188274.0,204400.0,172512.0,172153.0,169778.0,169526.0,187941.0,214981.0,262838.0,230215.0,200583.0,194409.0,208334.0,212333.0,229231.0,269383.0,227657.0,229493.0,222936.0,231750.0,244913.0,248942.0,273602.0,249462.0,232488.0,230130.0,228925.0,241792.0,273402.0,265026.0,250339.0,218163.0,207490.0,206438.0,216578.0,230510.0,253514.0,216140.0,208321.0,201108.0,207408.0,213807.0,226621.0,250697.0,209417.0,193908.0,190866.0,199103.0,204472.0,224328.0,245705.0,204938.0,185032.0,182289.0,187999.0,197550.0,210470.0,212842.0,177423.0,157575.0,153516.0,156108.0,163407.0,179465.0,190854.0,156478.0,141663.0,132829.0,132934.0,144417.0,160354.0,168097.0,145005.0,124167.0,122304.0,122367.0,135977.0,144894.0,153745.0,127685.0,107979.0,102831.0,105284.0,114826.0,127586.0,141046.0,118288.0,113176.0
9,Georgia,32603.0,45289.0,47191.0,47040.0,47131.0,51370.0,47575.0,37444.0,48131.0,58062.0,60909.0,58585.0,64415.0,60637.0,50067.0,56397.0,57920.0,57395.0,62048.0,62464.0,63519.0,48195.0,56605.0,57188.0,61453.0,67751.0,67402.0,75552.0,60605.0,61649.0,63371.0,64894.0,67332.0,76369.0,79939.0,68551.0,66930.0,68457.0,71494.0,80915.0,99314.0,102857.0,90028.0,81293.0,84761.0,78261.0,83623.0,98074.0,104927.0,86276.0,87141.0,82282.0,84872.0,90721.0,101744.0,107161.0,88989.0,89791.0,87856.0,88195.0,94911.0,106645.0,124691.0,100479.0,83933.0,78058.0,87884.0,91257.0,102439.0,118152.0,88952.0,95764.0,91194.0,93632.0,103539.0,117055.0,124073.0,109573.0,98476.0,96643.0,100029.0,107767.0,127253.0,116248.0,114208.0,100401.0,94248.0,100201.0,109572.0,131544.0,135807.0,111337.0,101387.0,95487.0,96674.0,103771.0,119537.0,129490.0,109205.0,97598.0,100813.0,106259.0,109744.0,124599.0,132603.0,109575.0,99570.0,99964.0,105661.0,110561.0,125473.0,128674.0,111108.0,92017.0,87191.0,89421.0,93759.0,107924.0,115416.0,93480.0,86540.0,84918.0,90068.0,102174.0,116550.0,121236.0,105891.0,94298.0,94146.0,91643.0,97583.0,104608.0,110529.0,86695.0,79668.0,77332.0,80520.0,84066.0,91856.0,99840.0,80382.0,83221.0
10,Hawaii,2265.0,1953.0,2007.0,1976.0,1997.0,2120.0,2272.0,2068.0,2061.0,2093.0,2136.0,2104.0,2281.0,2347.0,2259.0,2255.0,2167.0,2185.0,2235.0,530.0,569.0,505.0,588.0,624.0,640.0,777.0,728.0,723.0,724.0,749.0,771.0,816.0,769.0,847.0,965.0,952.0,975.0,975.0,980.0,1093.0,1211.0,1254.0,1204.0,1238.0,1249.0,1274.0,1314.0,1405.0,1514.0,1389.0,1489.0,1473.0,1583.0,1600.0,1689.0,1743.0,1701.0,1776.0,1778.0,1456.0,1473.0,1545.0,1702.0,1616.0,1574.0,1606.0,1726.0,1770.0,1838.0,1881.0,1802.0,1854.0,1927.0,1844.0,1861.0,1243.0,1311.0,2015.0,1977.0,2053.0,1458.0,1534.0,1658.0,1559.0,1756.0,1861.0,1942.0,2015.0,2095.0,2061.0,1931.0,1919.0,2020.0,2014.0,2073.0,2138.0,2213.0,2294.0,2279.0,2206.0,2328.0,2339.0,2483.0,2686.0,2655.0,2043.0,2447.0,2685.0,2736.0,2740.0,2754.0,1685.0,1748.0,1780.0,1785.0,1929.0,1956.0,2042.0,2219.0,2163.0,2289.0,2321.0,2268.0,2347.0,2518.0,2629.0,2592.0,2631.0,2732.0,2684.0,2757.0,2676.0,2738.0,2699.0,2458.0,2530.0,2604.0,2312.0,2343.0,2443.0,2457.0,2705.0
11,Idaho,7277.0,8518.0,8490.0,8549.0,9093.0,9888.0,9518.0,8289.0,9425.0,10608.0,10472.0,10789.0,11322.0,11458.0,10327.0,10496.0,10766.0,11100.0,11449.0,11218.0,11248.0,8587.0,9932.0,9533.0,9725.0,10965.0,12445.0,13806.0,11308.0,10872.0,10826.0,11079.0,11371.0,13764.0,15852.0,13069.0,12199.0,12149.0,12994.0,15287.0,19624.0,21840.0,20283.0,18531.0,15369.0,15115.0,16312.0,19455.0,21085.0,16299.0,16265.0,15806.0,16293.0,17190.0,20003.0,20823.0,17371.0,17796.0,17539.0,17121.0,18342.0,23128.0,25441.0,21500.0,17306.0,16252.0,18236.0,20018.0,24991.0,26856.0,22611.0,21280.0,20185.0,21012.0,23203.0,26552.0,28446.0,24787.0,22074.0,21929.0,22428.0,26882.0,33981.0,32827.0,30396.0,25189.0,22681.0,22670.0,24433.0,29086.0,30290.0,24513.0,22290.0,21124.0,21936.0,24147.0,26997.0,29812.0,25701.0,22247.0,22026.0,23158.0,25803.0,30338.0,32137.0,27429.0,22793.0,22536.0,23409.0,24901.0,29166.0,30393.0,26451.0,22045.0,20763.0,21620.0,22880.0,26894.0,27993.0,24006.0,21361.0,20042.0,20259.0,22699.0,26994.0,29700.0,25489.0,21037.0,21275.0,22040.0,24584.0,26982.0,28324.0,22603.0,18271.0,17589.0,17580.0,18909.0,21946.0,24471.0,19967.0,17737.0
12,Illinois,35616.0,45967.0,47466.0,46494.0,48652.0,47610.0,44833.0,38828.0,49244.0,54829.0,56148.0,58259.0,56096.0,46903.0,45718.0,54626.0,57862.0,55122.0,58811.0,52027.0,49369.0,35424.0,47837.0,47783.0,52237.0,57093.0,52213.0,56354.0,47409.0,50634.0,53419.0,55496.0,55551.0,59528.0,56079.0,45689.0,55560.0,55012.0,60099.0,65969.0,73447.0,67777.0,62067.0,59009.0,67743.0,65334.0,67344.0,78796.0,85248.0,71831.0,77326.0,69223.0,71582.0,74091.0,77320.0,75889.0,66979.0,75932.0,73191.0,74249.0,77964.0,77855.0,82776.0,70800.0,66531.0,60773.0,70020.0,70384.0,72766.0,76018.0,63014.0,72954.0,74138.0,75568.0,78156.0,81181.0,79486.0,73138.0,74907.0,78969.0,76131.0,80080.0,92147.0,85243.0,83276.0,79790.0,80346.0,82307.0,85259.0,94001.0,91165.0,79525.0,77817.0,74085.0,72753.0,79162.0,85825.0,86822.0,75817.0,71119.0,73738.0,79969.0,85592.0,92604.0,94373.0,81496.0,77823.0,80804.0,84088.0,88639.0,94922.0,90751.0,84931.0,75736.0,73965.0,75317.0,77026.0,84314.0,84507.0,71610.0,72153.0,75180.0,77755.0,89665.0,98317.0,97467.0,88003.0,86147.0,87040.0,84764.0,97255.0,92372.0,91939.0,72702.0,69037.0,70151.0,72392.0,74455.0,77496.0,81018.0,70068.0,78292.0
13,Indiana,23239.0,31485.0,37155.0,38840.0,39528.0,39249.0,37835.0,32356.0,35717.0,41312.0,42651.0,41723.0,41925.0,36075.0,31374.0,40143.0,42878.0,40519.0,42658.0,43360.0,42976.0,29687.0,39145.0,39215.0,42593.0,45146.0,44948.0,47899.0,35687.0,42351.0,47125.0,48194.0,46988.0,52695.0,56398.0,43538.0,47738.0,49200.0,54709.0,58354.0,70632.0,72400.0,64604.0,58399.0,58807.0,57353.0,59550.0,68998.0,72708.0,54474.0,55157.0,59556.0,62029.0,63550.0,71147.0,73387.0,61027.0,62914.0,60481.0,58562.0,63629.0,68770.0,81854.0,68105.0,56625.0,55005.0,63512.0,64676.0,76396.0,91476.0,68515.0,59943.0,59531.0,63144.0,68426.0,78544.0,91082.0,78640.0,59136.0,62507.0,64040.0,74034.0,91822.0,85383.0,80921.0,66161.0,65599.0,67790.0,73883.0,89425.0,99281.0,79211.0,59376.0,60157.0,64551.0,70652.0,85096.0,96816.0,75525.0,59057.0,60361.0,65173.0,70698.0,87502.0,96188.0,78615.0,56512.0,60656.0,65444.0,66668.0,80676.0,83488.0,72202.0,58701.0,62356.0,63475.0,66187.0,77109.0,82662.0,67769.0,58550.0,60008.0,60209.0,64061.0,76853.0,86669.0,75059.0,63250.0,64895.0,65796.0,68192.0,77254.0,84479.0,67498.0,56956.0,56805.0,57739.0,58948.0,65065.0,76267.0,59435.0,57138.0
14,Iowa,14205.0,20651.0,21624.0,21354.0,21263.0,22069.0,21626.0,19039.0,22878.0,25148.0,26208.0,26874.0,25552.0,24694.0,22084.0,25790.0,25747.0,26165.0,29151.0,27397.0,26563.0,20517.0,23393.0,23398.0,25848.0,25802.0,26969.0,28108.0,22008.0,24077.0,25411.0,25508.0,26144.0,30903.0,30183.0,24626.0,26629.0,27493.0,30073.0,32397.0,38377.0,38977.0,33637.0,29745.0,31471.0,31841.0,33285.0,37940.0,38570.0,31496.0,32071.0,32747.0,34635.0,35419.0,41243.0,43986.0,36547.0,34480.0,33300.0,33820.0,35530.0,40475.0,49569.0,39910.0,31470.0,30566.0,33685.0,34702.0,42167.0,49246.0,38477.0,33881.0,34320.0,34812.0,37154.0,45900.0,50561.0,43458.0,35808.0,35547.0,35752.0,40474.0,49971.0,46561.0,42857.0,37602.0,37184.0,40279.0,43440.0,50947.0,53794.0,45105.0,38800.0,36258.0,41088.0,46900.0,55443.0,56374.0,47431.0,36442.0,36922.0,38948.0,41243.0,49949.0,51346.0,43860.0,37951.0,39724.0,39643.0,39986.0,44120.0,46724.0,41022.0,34443.0,34632.0,35331.0,36834.0,43300.0,45555.0,37116.0,33226.0,34419.0,37467.0,40779.0,48301.0,54019.0,45716.0,40455.0,41202.0,40380.0,46721.0,50784.0,54344.0,42157.0,36894.0,38828.0,40137.0,40186.0,42621.0,47481.0,37797.0,37553.0
15,Kansas,13093.0,20143.0,23845.0,23211.0,23209.0,23127.0,20358.0,15908.0,22209.0,25681.0,25052.0,27131.0,25051.0,22415.0,18858.0,25221.0,26053.0,26382.0,27148.0,26796.0,24417.0,16696.0,25034.0,26163.0,26928.0,28750.0,28307.0,28762.0,24380.0,26693.0,27921.0,28811.0,29246.0,30770.0,28410.0,24538.0,29556.0,31640.0,33718.0,37015.0,40548.0,38759.0,33786.0,31181.0,35390.0,34633.0,33364.0,43233.0,47002.0,38849.0,41637.0,37450.0,37555.0,40775.0,43606.0,45258.0,38139.0,39623.0,39243.0,41925.0,45394.0,46657.0,48770.0,41818.0,37257.0,32446.0,37035.0,38736.0,41187.0,44071.0,33681.0,38807.0,39039.0,39332.0,41843.0,49567.0,48029.0,41005.0,38406.0,40657.0,36305.0,37897.0,45751.0,40381.0,38369.0,40229.0,39797.0,38601.0,40641.0,47273.0,46102.0,37027.0,37768.0,38764.0,39059.0,41943.0,45407.0,45232.0,36192.0,35014.0,36518.0,40170.0,43631.0,47692.0,49347.0,40533.0,36194.0,38369.0,39938.0,41570.0,49827.0,48653.0,41786.0,38927.0,40093.0,40596.0,39675.0,45483.0,45562.0,37137.0,39468.0,42283.0,41679.0,45896.0,49499.0,49532.0,42583.0,42246.0,41394.0,40031.0,42580.0,45217.0,45022.0,33712.0,33327.0,34270.0,34725.0,35787.0,37909.0,38560.0,31974.0,35811.0
16,Kentucky,18023.0,25159.0,26567.0,27336.0,28473.0,29195.0,26559.0,21575.0,28109.0,32275.0,33577.0,31684.0,33404.0,27786.0,23038.0,30826.0,32752.0,31471.0,34491.0,35970.0,33769.0,23736.0,31105.0,31083.0,33557.0,36202.0,34698.0,35780.0,29582.0,32040.0,35308.0,35928.0,38543.0,42003.0,39279.0,33038.0,36139.0,35579.0,40333.0,45110.0,57233.0,55384.0,48267.0,45914.0,44558.0,43420.0,44113.0,51271.0,50397.0,40885.0,43164.0,43942.0,46411.0,47862.0,54569.0,54065.0,45260.0,48009.0,47866.0,47723.0,52333.0,56219.0,61818.0,48894.0,44278.0,42562.0,47797.0,49563.0,56005.0,59917.0,45918.0,50026.0,46301.0,48853.0,52842.0,59290.0,58238.0,50042.0,48394.0,48816.0,52082.0,58471.0,69947.0,62718.0,61020.0,52750.0,50046.0,50521.0,54110.0,63621.0,64500.0,51472.0,49870.0,48869.0,50585.0,54837.0,63654.0,65655.0,54212.0,48365.0,49897.0,52159.0,56203.0,66783.0,68429.0,56118.0,49222.0,49468.0,52461.0,54246.0,63080.0,61662.0,54853.0,48340.0,48857.0,50620.0,53944.0,64344.0,66686.0,53005.0,51833.0,49503.0,50840.0,56097.0,64115.0,66744.0,55501.0,49057.0,49622.0,50235.0,53611.0,58693.0,59828.0,48604.0,44363.0,44337.0,45719.0,47926.0,49706.0,53487.0,43690.0,46009.0
17,Louisiana,14088.0,18499.0,18845.0,19159.0,19158.0,19767.0,17583.0,14771.0,19729.0,22547.0,23249.0,23902.0,24145.0,21260.0,18563.0,22485.0,23424.0,23585.0,25653.0,24580.0,22988.0,18326.0,23001.0,24429.0,26795.0,27889.0,27822.0,29380.0,25572.0,26974.0,27426.0,27635.0,27865.0,31105.0,31048.0,27473.0,29974.0,30662.0,32900.0,34750.0,42212.0,44042.0,39648.0,35104.0,35107.0,35532.0,36624.0,43191.0,46075.0,37954.0,35344.0,35371.0,37211.0,38822.0,43593.0,44877.0,32367.0,32168.0,36710.0,35772.0,39366.0,45073.0,52342.0,41658.0,34673.0,33768.0,37127.0,37989.0,44368.0,50134.0,39039.0,37171.0,36187.0,36480.0,39270.0,42847.0,45287.0,39440.0,36875.0,37122.0,37474.0,40330.0,49484.0,46034.0,43651.0,38426.0,36382.0,37454.0,39336.0,45749.0,47876.0,38208.0,35711.0,34100.0,34667.0,37395.0,42806.0,46427.0,36877.0,34841.0,35462.0,36718.0,37581.0,43122.0,46638.0,36589.0,33479.0,34474.0,36615.0,38549.0,45035.0,48395.0,40142.0,35926.0,35825.0,36110.0,37831.0,43733.0,47266.0,38622.0,37299.0,37097.0,38045.0,41161.0,46480.0,51674.0,43699.0,39998.0,38520.0,37733.0,39363.0,43873.0,46340.0,37140.0,29540.0,30214.0,30716.0,25888.0,37619.0,44777.0,38746.0,44423.0
18,Maine,3286.0,3450.0,4769.0,4990.0,4886.0,5265.0,4751.0,4918.0,4104.0,4161.0,4089.0,4527.0,4500.0,5009.0,4254.0,4107.0,4316.0,4507.0,4358.0,3017.0,3752.0,3127.0,3033.0,3101.0,3310.0,3669.0,4145.0,3643.0,3742.0,3672.0,3947.0,4167.0,4454.0,5346.0,6131.0,5363.0,4701.0,4730.0,5219.0,6652.0,8601.0,9067.0,9087.0,7860.0,6445.0,6307.0,6538.0,7774.0,8572.0,7219.0,6789.0,6405.0,6686.0,7614.0,9772.0,10802.0,9753.0,8334.0,7918.0,7146.0,7581.0,10371.0,12817.0,10963.0,8075.0,7534.0,8591.0,9680.0,12274.0,14970.0,13089.0,10581.0,9736.0,10190.0,11348.0,13258.0,15334.0,14985.0,12172.0,12439.0,13125.0,17225.0,23293.0,23822.0,23131.0,17698.0,15799.0,15237.0,16144.0,17929.0,19054.0,17832.0,15169.0,14484.0,15427.0,16366.0,19395.0,22939.0,21370.0,16880.0,16311.0,16309.0,16923.0,20659.0,24062.0,21666.0,17917.0,17623.0,18386.0,19491.0,22174.0,24451.0,23108.0,19337.0,17937.0,18087.0,19635.0,22891.0,25967.0,22751.0,19976.0,18531.0,18618.0,19864.0,22586.0,25038.0,22342.0,17633.0,17245.0,17560.0,19092.0,21550.0,23205.0,20333.0,15361.0,15061.0,15464.0,15639.0,17555.0,17678.0,15703.0,13244.0
19,Maryland,15775.0,21108.0,23090.0,22917.0,23263.0,24049.0,20183.0,18033.0,23034.0,27474.0,29171.0,29092.0,27577.0,26973.0,19769.0,26354.0,26619.0,26904.0,25433.0,24957.0,23909.0,16571.0,23766.0,27885.0,27949.0,32674.0,30976.0,33487.0,28184.0,28386.0,27469.0,28919.0,29617.0,35547.0,35107.0,28629.0,29792.0,29276.0,30717.0,34272.0,38397.0,42151.0,37808.0,35651.0,36909.0,36416.0,35572.0,42862.0,47930.0,40068.0,41293.0,38914.0,40933.0,42028.0,46699.0,51918.0,46081.0,46357.0,45242.0,43844.0,44888.0,48972.0,57296.0,47382.0,43250.0,39981.0,43326.0,45182.0,48439.0,54952.0,45614.0,47865.0,45998.0,48114.0,49506.0,53854.0,56707.0,50646.0,48155.0,49598.0,47459.0,49598.0,60060.0,58149.0,55044.0,50315.0,49202.0,50397.0,51849.0,55955.0,61264.0,53611.0,49577.0,48503.0,50037.0,52407.0,56906.0,62845.0,55940.0,48755.0,51517.0,52700.0,54652.0,59627.0,66164.0,56869.0,52160.0,54805.0,57724.0,59998.0,64652.0,67976.0,61895.0,53305.0,44105.0,52281.0,51633.0,56290.0,59255.0,51073.0,48724.0,49036.0,50371.0,55650.0,61791.0,65383.0,55429.0,54840.0,55953.0,52264.0,58983.0,59013.0,61219.0,49334.0,44946.0,44028.0,45472.0,47684.0,50906.0,51885.0,47445.0,44743.0
20,Massachusetts,12987.0,16679.0,19357.0,18538.0,18419.0,19721.0,14795.0,15485.0,17791.0,20260.0,20823.0,22255.0,19896.0,19746.0,15046.0,19133.0,21588.0,21461.0,21287.0,18575.0,17413.0,13927.0,18476.0,19421.0,20915.0,22103.0,20706.0,18372.0,17858.0,19596.0,20872.0,22067.0,22462.0,23916.0,22216.0,19599.0,23587.0,23256.0,25454.0,27406.0,30357.0,25068.0,24563.0,23415.0,29751.0,28597.0,28578.0,31675.0,30406.0,25830.0,31747.0,31514.0,32465.0,33643.0,35217.0,32101.0,28706.0,35674.0,34287.0,33630.0,33914.0,36129.0,37169.0,33351.0,33576.0,31662.0,35612.0,35048.0,35795.0,37022.0,30662.0,37783.0,36103.0,37215.0,39487.0,40005.0,36042.0,35439.0,38910.0,40471.0,39798.0,41541.0,43028.0,39978.0,41058.0,41119.0,41786.0,43194.0,44650.0,46319.0,43355.0,39413.0,43291.0,42224.0,46102.0,48089.0,48683.0,47199.0,42915.0,42480.0,44139.0,45836.0,45180.0,50426.0,49906.0,44765.0,45049.0,46379.0,49837.0,50663.0,53460.0,51029.0,47423.0,45999.0,42553.0,46112.0,47837.0,49630.0,46704.0,40217.0,44800.0,43783.0,44493.0,48026.0,49665.0,48308.0,43827.0,46999.0,48201.0,46575.0,51278.0,50765.0,48368.0,42103.0,42922.0,43413.0,46375.0,45196.0,48087.0,46093.0,42817.0,46558.0
21,Michigan,17941.0,19866.0,19547.0,19252.0,19773.0,20367.0,20247.0,18902.0,22071.0,24163.0,24281.0,25200.0,25329.0,23201.0,22992.0,25466.0,26966.0,25496.0,27289.0,21496.0,22332.0,17956.0,20024.0,20155.0,22581.0,24507.0,23090.0,24641.0,21320.0,22741.0,24423.0,26189.0,25569.0,30158.0,31476.0,25909.0,27150.0,27750.0,32165.0,36436.0,44927.0,48110.0,46837.0,41930.0,39876.0,37031.0,37599.0,43313.0,45481.0,38159.0,39522.0,39102.0,39642.0,41743.0,47158.0,48714.0,44736.0,45739.0,44406.0,39849.0,44054.0,48167.0,56083.0,48492.0,41794.0,38450.0,43407.0,44622.0,50034.0,56797.0,46822.0,46369.0,46925.0,49625.0,53848.0,55490.0,60228.0,62002.0,55535.0,57059.0,57416.0,65396.0,82724.0,80986.0,77280.0,63197.0,58741.0,59097.0,61245.0,67474.0,69117.0,60287.0,55194.0,52040.0,52230.0,55942.0,64298.0,69004.0,59954.0,52942.0,53959.0,57425.0,61059.0,69840.0,75565.0,66561.0,56236.0,57649.0,61599.0,63833.0,71154.0,70087.0,63911.0,52922.0,51110.0,52357.0,55358.0,63277.0,66718.0,57147.0,49480.0,46789.0,47126.0,52673.0,61139.0,65684.0,57652.0,46854.0,47754.0,46964.0,55174.0,57502.0,61277.0,52513.0,43364.0,42241.0,42699.0,46077.0,49592.0,56081.0,46783.0,43475.0
22,Minnesota,13568.0,18410.0,18792.0,19427.0,19090.0,19967.0,18286.0,16933.0,20875.0,22808.0,23701.0,24549.0,25056.0,22839.0,20770.0,24013.0,23075.0,23416.0,25858.0,20039.0,18904.0,14646.0,18493.0,18688.0,20489.0,21890.0,22357.0,21320.0,18464.0,20907.0,22371.0,22113.0,22703.0,25939.0,24485.0,21587.0,24742.0,24838.0,26848.0,28942.0,34993.0,33561.0,31021.0,29422.0,30795.0,29629.0,30958.0,34759.0,34375.0,29885.0,33393.0,31035.0,32217.0,33743.0,37233.0,37085.0,32067.0,34922.0,32680.0,30635.0,32802.0,36281.0,39319.0,32967.0,30164.0,28070.0,31384.0,31377.0,34481.0,37227.0,31047.0,33457.0,32770.0,34176.0,35850.0,39036.0,39014.0,35584.0,34864.0,35798.0,35044.0,38561.0,44945.0,42468.0,41373.0,37373.0,35356.0,36122.0,37437.0,42088.0,41134.0,36240.0,35587.0,33303.0,33974.0,36516.0,41205.0,43544.0,37783.0,32558.0,34198.0,36907.0,39977.0,46164.0,47085.0,39601.0,35469.0,35499.0,37629.0,39816.0,46036.0,46807.0,41223.0,33980.0,32997.0,34447.0,35732.0,41789.0,42814.0,35909.0,33327.0,31928.0,32777.0,37754.0,42676.0,44369.0,38609.0,33145.0,34021.0,34062.0,40213.0,41899.0,42771.0,34455.0,30058.0,29288.0,29806.0,31013.0,34393.0,36807.0,30585.0,31829.0
23,Mississippi,15116.0,20813.0,20637.0,21508.0,22273.0,24268.0,24187.0,17293.0,22088.0,25162.0,25394.0,25158.0,29062.0,29048.0,24479.0,25013.0,25516.0,24257.0,27676.0,30033.0,32623.0,23861.0,24630.0,25003.0,26979.0,29182.0,31668.0,38414.0,31419.0,28759.0,29003.0,29996.0,30662.0,36224.0,40785.0,31805.0,30212.0,30709.0,32471.0,37591.0,48991.0,56934.0,49177.0,41952.0,35586.0,34833.0,37243.0,46609.0,53372.0,41950.0,35588.0,35349.0,35964.0,38941.0,46849.0,55913.0,37693.0,32089.0,34791.0,35412.0,39413.0,50347.0,65994.0,49146.0,35289.0,33944.0,37896.0,40532.0,50769.0,63367.0,46854.0,36341.0,34499.0,35919.0,39688.0,51647.0,64472.0,49832.0,36493.0,36157.0,36909.0,42465.0,57610.0,54410.0,49395.0,38504.0,34886.0,35445.0,39012.0,49246.0,57492.0,43563.0,36127.0,35841.0,37664.0,40991.0,49951.0,59441.0,42957.0,34794.0,34261.0,36039.0,38207.0,47721.0,56040.0,42135.0,34318.0,34038.0,36951.0,40211.0,50530.0,60510.0,45877.0,36064.0,35337.0,37410.0,38814.0,47167.0,56957.0,43080.0,37602.0,36466.0,36311.0,39146.0,48711.0,58526.0,47113.0,38661.0,39056.0,38709.0,40446.0,47841.0,53947.0,42563.0,33337.0,33496.0,37888.0,38034.0,42788.0,49959.0,37571.0,35715.0
24,Missouri,26521.0,35637.0,36589.0,38369.0,38190.0,40634.0,39597.0,33261.0,40365.0,46497.0,45560.0,47155.0,48142.0,45103.0,40160.0,44322.0,45688.0,46397.0,51295.0,52001.0,50905.0,37104.0,41972.0,45497.0,48448.0,51553.0,57000.0,61804.0,48324.0,45951.0,48479.0,50553.0,53495.0,60813.0,64062.0,53132.0,54644.0,56481.0,61530.0,69538.0,88048.0,97806.0,83605.0,70640.0,64702.0,63101.0,66229.0,81746.0,88156.0,70425.0,64773.0,65008.0,67076.0,71821.0,86457.0,93872.0,78362.0,69910.0,68804.0,70112.0,77424.0,93638.0,110338.0,88550.0,66942.0,65566.0,73445.0,77132.0,92098.0,103757.0,81037.0,73421.0,75380.0,77785.0,85109.0,101847.0,109395.0,94425.0,77470.0,79302.0,83292.0,96167.0,116513.0,105615.0,98950.0,82597.0,79165.0,80702.0,86104.0,102621.0,106597.0,89041.0,77485.0,75169.0,77183.0,84048.0,98590.0,103932.0,89013.0,75041.0,76134.0,81880.0,87857.0,103397.0,108085.0,90846.0,76558.0,80573.0,82636.0,88034.0,101833.0,107134.0,93010.0,79302.0,77557.0,80000.0,83412.0,99674.0,105094.0,82545.0,69293.0,73511.0,75768.0,81223.0,96652.0,102914.0,86144.0,71079.0,72781.0,72130.0,78131.0,89538.0,94747.0,74113.0,61877.0,62095.0,64351.0,67458.0,77434.0,85018.0,68695.0,64227.0
25,Montana,3504.0,3937.0,3867.0,4044.0,4303.0,4501.0,4381.0,3897.0,4481.0,5267.0,5312.0,5193.0,5372.0,5441.0,4880.0,5301.0,5482.0,5678.0,5797.0,4879.0,5044.0,4279.0,4518.0,4682.0,5203.0,5475.0,5939.0,6443.0,5329.0,5328.0,5835.0,5936.0,6205.0,6769.0,7418.0,6741.0,6558.0,6958.0,7423.0,7641.0,8981.0,9528.0,8768.0,8302.0,7826.0,7746.0,8171.0,9182.0,9539.0,8286.0,8673.0,8938.0,9253.0,9607.0,10940.0,11231.0,10646.0,10688.0,10562.0,9672.0,10301.0,11388.0,13593.0,12105.0,10671.0,10403.0,11345.0,11989.0,12904.0,13938.0,13130.0,13828.0,13592.0,14229.0,15344.0,15886.0,16623.0,17012.0,15925.0,15808.0,15579.0,17140.0,19812.0,18786.0,19803.0,18630.0,17836.0,17637.0,18332.0,19820.0,19165.0,17997.0,17530.0,17308.0,17375.0,18620.0,19347.0,19888.0,18446.0,17323.0,17530.0,18039.0,18723.0,20116.0,21119.0,19371.0,18226.0,18349.0,18526.0,18703.0,19560.0,19741.0,18477.0,17503.0,17339.0,17684.0,18073.0,19474.0,19753.0,17638.0,17420.0,17537.0,17600.0,18284.0,19954.0,19481.0,17244.0,15632.0,14734.0,14420.0,15386.0,16264.0,16260.0,14570.0,12880.0,12676.0,12536.0,12984.0,13433.0,14047.0,12325.0,11920.0
26,Nebraska,7770.0,10962.0,11764.0,12379.0,11358.0,12619.0,12177.0,10411.0,12229.0,14085.0,14631.0,14896.0,14658.0,13537.0,11743.0,13618.0,14684.0,14904.0,15793.0,15543.0,14418.0,11023.0,12902.0,13555.0,14026.0,14844.0,15807.0,16240.0,13004.0,13618.0,14548.0,15712.0,16057.0,17509.0,16651.0,14333.0,14971.0,15624.0,17344.0,18148.0,21123.0,21691.0,19193.0,15837.0,16652.0,17540.0,18594.0,20631.0,20603.0,17038.0,17853.0,18200.0,19068.0,19026.0,21123.0,21123.0,17472.0,19355.0,19096.0,19498.0,20097.0,21224.0,23787.0,18875.0,16896.0,16667.0,18845.0,18478.0,21305.0,23515.0,18326.0,18679.0,18566.0,19443.0,20087.0,22772.0,23374.0,20573.0,18883.0,19837.0,20403.0,22249.0,27490.0,23910.0,22868.0,20609.0,19992.0,20385.0,21299.0,24289.0,24943.0,20418.0,19341.0,18722.0,18815.0,20366.0,23630.0,24236.0,19975.0,17990.0,19127.0,20404.0,21537.0,26333.0,28154.0,22170.0,20067.0,20344.0,21405.0,22738.0,27184.0,28360.0,24039.0,20259.0,19687.0,20499.0,21834.0,25862.0,27092.0,22216.0,20675.0,20682.0,21816.0,24592.0,28095.0,30146.0,24222.0,20849.0,20673.0,20385.0,22008.0,24062.0,25969.0,20484.0,17698.0,18106.0,18502.0,18933.0,20411.0,22353.0,17609.0,18334.0
27,Nevada,9038.0,10228.0,9946.0,10106.0,10438.0,11048.0,11389.0,10115.0,10688.0,12148.0,12442.0,13218.0,13396.0,13479.0,12492.0,12880.0,12639.0,12713.0,13333.0,12459.0,12351.0,10497.0,11258.0,11787.0,12042.0,13085.0,13590.0,14634.0,12768.0,13039.0,13570.0,13507.0,13830.0,15990.0,17213.0,15901.0,14869.0,14779.0,15827.0,18241.0,22104.0,25565.0,23795.0,21771.0,19190.0,18318.0,19429.0,21796.0,23460.0,20381.0,19367.0,18874.0,19945.0,23613.0,29939.0,35142.0,32931.0,29702.0,27933.0,26503.0,28073.0,34932.0,43902.0,39384.0,29519.0,27390.0,28694.0,30262.0,36930.0,42746.0,38566.0,34275.0,30975.0,31455.0,34311.0,40108.0,44417.0,42270.0,34396.0,32424.0,31277.0,37995.0,51217.0,52073.0,51572.0,40475.0,34670.0,33661.0,35519.0,42212.0,44148.0,40617.0,35975.0,32552.0,32954.0,35360.0,41108.0,44992.0,42626.0,35915.0,33507.0,33912.0,37534.0,44415.0,49910.0,45517.0,36795.0,34991.0,35847.0,38520.0,44013.0,47987.0,44871.0,35913.0,32787.0,32754.0,35908.0,43198.0,47824.0,43770.0,36183.0,32391.0,31168.0,35194.0,42817.0,48420.0,43345.0,33835.0,31581.0,30310.0,34420.0,40918.0,46530.0,41210.0,30356.0,27267.0,27477.0,30378.0,37029.0,44276.0,39959.0,32006.0
28,New Hampshire,6790.0,7256.0,8239.0,8331.0,8405.0,9646.0,9060.0,9449.0,9157.0,9050.0,9483.0,10399.0,10106.0,12732.0,9181.0,8403.0,9501.0,9925.0,9458.0,9282.0,12100.0,9492.0,8591.0,8902.0,9448.0,9943.0,10750.0,11643.0,9870.0,8713.0,9825.0,10600.0,11027.0,13015.0,16165.0,13677.0,11227.0,11029.0,12703.0,14836.0,19826.0,23129.0,21493.0,17884.0,14438.0,13872.0,13988.0,17777.0,21179.0,17438.0,14076.0,13337.0,14579.0,15886.0,19772.0,23698.0,19875.0,16103.0,15530.0,14980.0,15330.0,19901.0,25660.0,20790.0,15203.0,14571.0,16764.0,17896.0,21543.0,26723.0,21193.0,17410.0,17030.0,17662.0,19436.0,23090.0,25842.0,22934.0,18176.0,18267.0,19044.0,22799.0,31115.0,30181.0,29587.0,22316.0,20307.0,19974.0,21148.0,25028.0,27289.0,24444.0,19223.0,18929.0,20290.0,22195.0,26443.0,31819.0,27846.0,20060.0,20887.0,21431.0,21580.0,28285.0,33027.0,28394.0,21251.0,21148.0,22913.0,23863.0,29145.0,34243.0,31140.0,23427.0,20580.0,21995.0,24492.0,29232.0,33863.0,28873.0,23654.0,22927.0,23160.0,24764.0,29598.0,33973.0,29733.0,21868.0,22362.0,23149.0,24478.0,29039.0,33798.0,28700.0,20894.0,20089.0,20630.0,20808.0,24524.0,26491.0,24151.0,19603.0
29,New Jersey,22481.0,26298.0,29080.0,28771.0,29120.0,31242.0,27529.0,26730.0,30013.0,31684.0,34565.0,34571.0,32727.0,35558.0,25692.0,32410.0,35500.0,33930.0,33424.0,29700.0,33185.0,26202.0,27675.0,28666.0,29109.0,33158.0,31993.0,33169.0,32297.0,29757.0,31677.0,34230.0,36727.0,44013.0,48890.0,39128.0,36263.0,35574.0,38905.0,45249.0,55331.0,55313.0,60678.0,52518.0,48598.0,44538.0,42978.0,51774.0,62423.0,55401.0,49476.0,46096.0,47174.0,54126.0,60319.0,72347.0,67743.0,57868.0,57153.0,54221.0,53154.0,67791.0,84817.0,70373.0,56715.0,52866.0,57330.0,59353.0,70747.0,86786.0,74265.0,68118.0,65223.0,66592.0,70790.0,77270.0,84812.0,80441.0,71619.0,67831.0,64744.0,77622.0,95260.0,98061.0,91402.0,73335.0,70710.0,69876.0,74477.0,68366.0,85747.0,82025.0,69289.0,68617.0,71247.0,74877.0,82530.0,99155.0,87035.0,71227.0,72425.0,71427.0,74665.0,83557.0,104480.0,91858.0,78020.0,75230.0,81058.0,82687.0,87411.0,102750.0,86707.0,73419.0,55199.0,74267.0,78122.0,83833.0,99200.0,89294.0,79595.0,75495.0,71390.0,73762.0,83319.0,97983.0,75254.0,72328.0,75228.0,70733.0,78487.0,84343.0,95535.0,77754.0,64194.0,63136.0,65708.0,66112.0,70505.0,73248.0,77003.0,67222.0
30,New Mexico,9469.0,9502.0,10264.0,11062.0,10978.0,11239.0,11393.0,9882.0,10424.0,12571.0,13808.0,13262.0,13188.0,13690.0,11772.0,11832.0,12623.0,13295.0,13780.0,13005.0,13542.0,10763.0,10881.0,11817.0,13039.0,13631.0,13929.0,15273.0,13177.0,12144.0,13566.0,14172.0,13774.0,15057.0,16523.0,15908.0,14006.0,14488.0,16127.0,17018.0,19711.0,21596.0,20354.0,17632.0,16136.0,16487.0,17709.0,19003.0,20358.0,18277.0,17253.0,17894.0,18887.0,19648.0,20894.0,22655.0,20253.0,19130.0,19258.0,19003.0,19778.0,21857.0,25997.0,22623.0,17072.0,16736.0,19006.0,18649.0,20649.0,23553.0,20129.0,19377.0,18932.0,19940.0,21263.0,22888.0,24822.0,23027.0,20110.0,21473.0,21426.0,22484.0,26214.0,24939.0,23485.0,20511.0,19814.0,19641.0,20180.0,21821.0,22586.0,19188.0,18008.0,17647.0,18087.0,18954.0,20441.0,21617.0,19321.0,17081.0,17684.0,19020.0,19561.0,21993.0,22964.0,19955.0,17832.0,18592.0,19842.0,20445.0,22012.0,22449.0,20588.0,17809.0,18028.0,18535.0,18794.0,20435.0,21765.0,18869.0,17436.0,17424.0,17983.0,18843.0,20514.0,22222.0,19277.0,16662.0,17306.0,17735.0,18331.0,19140.0,20011.0,17299.0,14845.0,15194.0,15888.0,16051.0,16754.0,18475.0,16039.0,15844.0
31,New York,24647.0,29805.0,33711.0,32567.0,32538.0,33483.0,28053.0,27973.0,34246.0,36602.0,38013.0,39407.0,36715.0,36702.0,28022.0,37303.0,40929.0,38560.0,38156.0,32927.0,32182.0,26104.0,33640.0,35237.0,37523.0,41775.0,37042.0,33995.0,34538.0,36699.0,40468.0,42208.0,43089.0,47874.0,46480.0,39105.0,45186.0,45957.0,49630.0,55252.0,64924.0,57156.0,58869.0,54910.0,62493.0,56011.0,53419.0,58111.0,57926.0,50826.0,58353.0,56419.0,56892.0,60717.0,63426.0,61780.0,55635.0,65420.0,67321.0,65518.0,65499.0,69395.0,70941.0,62040.0,62936.0,60975.0,67107.0,68147.0,72157.0,74125.0,64377.0,72972.0,72144.0,75554.0,79777.0,81021.0,72711.0,73382.0,79590.0,81046.0,77810.0,82425.0,88420.0,85887.0,84109.0,78401.0,79574.0,79472.0,83617.0,80620.0,79125.0,73353.0,78380.0,77302.0,77955.0,79805.0,82848.0,81470.0,73988.0,74367.0,83644.0,80173.0,82694.0,90489.0,91307.0,79489.0,79686.0,83982.0,89738.0,91410.0,96752.0,91511.0,83174.0,81257.0,67591.0,81906.0,85654.0,89058.0,88201.0,77736.0,83261.0,82910.0,83823.0,90248.0,97012.0,96195.0,83255.0,88877.0,91895.0,87960.0,102112.0,97704.0,95844.0,81829.0,80523.0,79446.0,81463.0,80948.0,86025.0,82103.0,80687.0,88949.0
32,North Carolina,27303.0,35857.0,38371.0,37581.0,38396.0,41655.0,37673.0,31566.0,36914.0,43691.0,45366.0,43971.0,47087.0,43694.0,38614.0,44196.0,45702.0,45539.0,46977.0,45706.0,45987.0,35670.0,42292.0,42089.0,45805.0,51107.0,51418.0,57477.0,47837.0,48561.0,50627.0,52243.0,55377.0,62920.0,69977.0,60003.0,55463.0,53125.0,56762.0,66417.0,88480.0,103375.0,93783.0,84862.0,81390.0,72121.0,74104.0,85685.0,100189.0,83261.0,81876.0,80766.0,82842.0,87585.0,99295.0,115278.0,96286.0,92077.0,90197.0,88506.0,95981.0,106502.0,130715.0,103697.0,87359.0,79992.0,88644.0,92822.0,104072.0,126833.0,97101.0,96980.0,94765.0,98328.0,104234.0,110814.0,125917.0,107424.0,99468.0,99069.0,98936.0,108692.0,131118.0,130146.0,119143.0,104396.0,98395.0,100789.0,104283.0,116640.0,131225.0,105992.0,100256.0,96608.0,99477.0,104864.0,116998.0,132766.0,106262.0,95128.0,97566.0,103269.0,106148.0,121275.0,140175.0,113457.0,101378.0,101606.0,106944.0,110745.0,123685.0,132355.0,108397.0,90257.0,90000.0,96746.0,100831.0,113948.0,127648.0,102533.0,96136.0,94628.0,96405.0,106986.0,119166.0,127079.0,109083.0,95906.0,95966.0,94114.0,99795.0,105805.0,117284.0,92131.0,79815.0,78190.0,80401.0,84602.0,92264.0,101496.0,82893.0,80302.0
33,North Dakota,3513.0,5251.0,5136.0,5357.0,5411.0,5807.0,4832.0,4303.0,5761.0,6419.0,6665.0,6682.0,6544.0,5690.0,4797.0,6650.0,6720.0,6789.0,7220.0,6776.0,5806.0,4423.0,6516.0,6523.0,7147.0,7404.0,7690.0,6885.0,5777.0,7478.0,8035.0,8081.0,8212.0,9077.0,8606.0,6927.0,8561.0,8733.0,9340.0,9623.0,11096.0,10372.0,8523.0,8236.0,10000.0,9966.0,10384.0,11286.0,10428.0,8341.0,10517.0,10496.0,10792.0,11080.0,11323.0,10765.0,9183.0,11416.0,11256.0,10525.0,10995.0,11783.0,11641.0,9437.0,10097.0,9838.0,10990.0,10975.0,11774.0,11564.0,9274.0,10746.0,10771.0,11321.0,11733.0,12307.0,11365.0,10554.0,11065.0,11229.0,11383.0,10883.0,11413.0,9543.0,9327.0,10925.0,11008.0,11319.0,11437.0,12605.0,11476.0,9399.0,10775.0,10727.0,11205.0,11748.0,12209.0,11800.0,9863.0,10528.0,10864.0,11571.0,11588.0,12574.0,11337.0,9608.0,10765.0,11285.0,12268.0,12111.0,13079.0,11676.0,10062.0,10892.0,10824.0,11465.0,11711.0,12809.0,11413.0,9527.0,11517.0,11377.0,11631.0,12370.0,13280.0,12549.0,10421.0,11581.0,11805.0,12024.0,12908.0,14625.0,15247.0,12075.0,11989.0,11699.0,12102.0,12147.0,12730.0,11621.0,9656.0,11856.0
34,Ohio,28593.0,38011.0,39242.0,40475.0,40661.0,39498.0,36710.0,31816.0,41484.0,47795.0,49839.0,48783.0,47887.0,43374.0,35688.0,47794.0,50340.0,49143.0,50456.0,46112.0,44639.0,31798.0,44472.0,45486.0,49893.0,53538.0,48053.0,49272.0,41750.0,46221.0,52556.0,54703.0,53798.0,58877.0,59831.0,49338.0,53337.0,54875.0,60350.0,66426.0,78429.0,77830.0,68458.0,63405.0,72408.0,68549.0,69128.0,77973.0,83529.0,67179.0,69417.0,69851.0,71943.0,75808.0,83445.0,85721.0,71899.0,72078.0,72967.0,71201.0,76601.0,81524.0,94659.0,76104.0,63654.0,62394.0,71091.0,73595.0,82925.0,90620.0,69486.0,71664.0,68879.0,72024.0,78226.0,85437.0,85805.0,75214.0,70370.0,73078.0,72299.0,76299.0,88094.0,77977.0,75765.0,70943.0,71339.0,73436.0,78304.0,91540.0,90551.0,77618.0,72933.0,72460.0,73416.0,82176.0,91459.0,89658.0,73590.0,68981.0,70867.0,72728.0,77622.0,89877.0,89604.0,76937.0,69942.0,73613.0,78209.0,78203.0,87432.0,81614.0,73636.0,67560.0,67899.0,70654.0,72890.0,82349.0,83340.0,68689.0,69122.0,74298.0,78109.0,83582.0,90260.0,91929.0,78970.0,74895.0,77136.0,78362.0,87018.0,90386.0,90279.0,72994.0,68336.0,68861.0,69319.0,70174.0,73900.0,79950.0,65538.0,67854.0
35,Oklahoma,17298.0,18783.0,19203.0,20393.0,21450.0,22605.0,23081.0,19439.0,21105.0,24735.0,23626.0,25625.0,26943.0,28668.0,24965.0,23679.0,24335.0,25257.0,27398.0,29138.0,31966.0,24548.0,23361.0,23957.0,26092.0,28102.0,31564.0,36445.0,29378.0,25062.0,25368.0,27422.0,29063.0,33330.0,37566.0,34459.0,28616.0,29131.0,31802.0,35160.0,49651.0,60402.0,53897.0,40374.0,32791.0,33819.0,36559.0,46823.0,56708.0,47966.0,34590.0,34649.0,37854.0,42773.0,54979.0,64072.0,52738.0,37164.0,37043.0,36897.0,40743.0,51105.0,62259.0,49372.0,33059.0,32196.0,36360.0,37831.0,45060.0,52349.0,41229.0,36195.0,35906.0,38347.0,41068.0,49341.0,55146.0,48177.0,37091.0,37108.0,36959.0,43205.0,57424.0,56176.0,51881.0,39096.0,36888.0,38186.0,41663.0,50193.0,54102.0,44511.0,35051.0,34788.0,36666.0,40261.0,48395.0,54869.0,48652.0,39612.0,41569.0,42466.0,43985.0,51204.0,54964.0,46319.0,35756.0,35732.0,37425.0,42778.0,52144.0,58117.0,48049.0,34998.0,34793.0,36087.0,38077.0,47561.0,55372.0,46405.0,37766.0,39632.0,41901.0,46450.0,54142.0,62500.0,51083.0,37827.0,39867.0,39993.0,46389.0,49788.0,55418.0,44151.0,35035.0,34899.0,35690.0,37505.0,43253.0,50616.0,39929.0,35738.0
36,Oregon,12071.0,16171.0,16054.0,16487.0,17044.0,18309.0,15356.0,13296.0,17377.0,18846.0,18929.0,20144.0,19149.0,17054.0,15645.0,18184.0,19407.0,19406.0,19810.0,18942.0,16036.0,13403.0,17551.0,17991.0,18540.0,20091.0,20636.0,19615.0,16850.0,18488.0,19221.0,19807.0,19769.0,22294.0,20090.0,18261.0,20423.0,21011.0,22170.0,24069.0,29376.0,28702.0,26302.0,24217.0,25504.0,25424.0,26903.0,29430.0,27309.0,24407.0,27370.0,26691.0,27453.0,28314.0,30657.0,29443.0,26486.0,29909.0,28809.0,28037.0,29495.0,31142.0,32470.0,29370.0,26462.0,26158.0,29367.0,29860.0,32697.0,33975.0,30453.0,32363.0,31351.0,31908.0,34137.0,35660.0,35266.0,33767.0,33241.0,33113.0,32119.0,35650.0,40056.0,34666.0,37424.0,35039.0,33296.0,33469.0,35532.0,39965.0,38603.0,34620.0,35253.0,33523.0,34479.0,36218.0,39196.0,39245.0,36046.0,35020.0,35342.0,36325.0,38237.0,41309.0,42090.0,38344.0,36103.0,36870.0,38077.0,40028.0,42312.0,41712.0,38928.0,37212.0,36170.0,36713.0,37909.0,41494.0,39770.0,35370.0,36111.0,35059.0,34338.0,37016.0,39745.0,40091.0,36749.0,35289.0,35425.0,34051.0,36646.0,38923.0,39444.0,34632.0,32056.0,31711.0,31780.0,32796.0,34773.0,35217.0,32221.0,33236.0
37,Pennsylvania,29923.0,36365.0,38221.0,38286.0,38366.0,39216.0,34967.0,32742.0,38188.0,42618.0,45061.0,45485.0,43099.0,43423.0,33176.0,43007.0,46761.0,45714.0,45721.0,42678.0,43187.0,32078.0,39203.0,40789.0,42671.0,47682.0,44864.0,45909.0,41565.0,42298.0,46128.0,48975.0,49469.0,55453.0,56378.0,46583.0,50104.0,50335.0,54585.0,60773.0,69319.0,70265.0,66887.0,60825.0,62145.0,59158.0,60374.0,69061.0,73009.0,59350.0,60938.0,58971.0,61180.0,64449.0,72487.0,75975.0,66126.0,68535.0,67373.0,65945.0,68476.0,75028.0,88788.0,72478.0,61398.0,58487.0,65584.0,65743.0,71925.0,82322.0,66559.0,66896.0,66259.0,69423.0,72568.0,82546.0,88563.0,80225.0,72065.0,74938.0,76171.0,81695.0,100905.0,97498.0,91544.0,74802.0,74482.0,76258.0,80193.0,85814.0,97924.0,84459.0,74823.0,74287.0,74217.0,77749.0,85519.0,93655.0,82029.0,71623.0,74410.0,76045.0,79226.0,93074.0,106328.0,91644.0,76374.0,78255.0,83453.0,86075.0,97750.0,103587.0,90349.0,77154.0,68994.0,80519.0,82827.0,93948.0,103742.0,87009.0,79460.0,81400.0,81538.0,88387.0,101410.0,112002.0,98285.0,88866.0,92096.0,92608.0,103484.0,107442.0,114300.0,94390.0,81517.0,82661.0,84276.0,86167.0,93053.0,100790.0,89146.0,83297.0
38,Rhode Island,3336.0,3885.0,4683.0,4541.0,4494.0,4766.0,3877.0,4320.0,4625.0,4974.0,5360.0,5731.0,5249.0,6043.0,4166.0,4865.0,5324.0,5779.0,5942.0,5631.0,6225.0,5234.0,5710.0,5986.0,6353.0,6513.0,6139.0,6806.0,6648.0,5788.0,5895.0,6027.0,6298.0,6734.0,7680.0,6302.0,6141.0,6729.0,7308.0,8098.0,10308.0,8950.0,10181.0,8621.0,8976.0,9019.0,9055.0,10533.0,12741.0,11723.0,10754.0,8959.0,8573.0,9890.0,10251.0,11780.0,10656.0,10403.0,10598.0,9976.0,9065.0,11955.0,14983.0,12198.0,9529.0,9500.0,11417.0,11679.0,13175.0,15845.0,13252.0,12333.0,12496.0,12200.0,13711.0,15007.0,14041.0,14024.0,11968.0,12537.0,12626.0,15560.0,18051.0,19006.0,18235.0,15231.0,14559.0,14374.0,16099.0,15655.0,16318.0,16491.0,14119.0,13410.0,13748.0,13947.0,14710.0,17620.0,15480.0,12926.0,13687.0,13874.0,14260.0,16228.0,18437.0,16302.0,14263.0,14687.0,15662.0,15858.0,18084.0,19517.0,17595.0,15208.0,12367.0,13956.0,14635.0,14250.0,14192.0,12368.0,11816.0,11837.0,11576.0,11975.0,13577.0,13606.0,11310.0,11721.0,13485.0,13169.0,14256.0,15429.0,16271.0,14021.0,12090.0,11953.0,12409.0,11421.0,14043.0,13354.0,13507.0,12434.0
39,South Carolina,20840.0,28535.0,28869.0,29826.0,30519.0,32849.0,31998.0,24697.0,29470.0,34894.0,36131.0,33861.0,39015.0,39924.0,33904.0,36034.0,37163.0,37141.0,39202.0,43116.0,48846.0,40041.0,41035.0,41074.0,44638.0,49645.0,53126.0,61595.0,49447.0,46787.0,49362.0,51421.0,56959.0,71814.0,87618.0,75907.0,61990.0,59350.0,61023.0,72521.0,99454.0,121174.0,112068.0,96668.0,80479.0,73343.0,77141.0,89879.0,104834.0,88241.0,85482.0,83030.0,86263.0,90662.0,102154.0,116440.0,99068.0,91875.0,91856.0,88769.0,98302.0,108057.0,134518.0,110939.0,95474.0,91304.0,98150.0,102935.0,115566.0,140955.0,111988.0,102449.0,99915.0,103637.0,112234.0,114736.0,134087.0,113735.0,99879.0,97833.0,100633.0,110897.0,132676.0,134262.0,118560.0,100306.0,93213.0,94423.0,99445.0,108697.0,123189.0,97861.0,89449.0,89097.0,91875.0,97970.0,110033.0,126953.0,101258.0,88043.0,91538.0,96747.0,99998.0,110793.0,131706.0,107951.0,93498.0,94160.0,98501.0,103575.0,111734.0,121120.0,95209.0,73689.0,79097.0,83465.0,88274.0,98779.0,110669.0,87758.0,77080.0,75589.0,77289.0,83168.0,94860.0,107004.0,88644.0,68440.0,68650.0,67714.0,76060.0,83164.0,93491.0,74501.0,59233.0,58058.0,60603.0,64943.0,72392.0,86611.0,68349.0,59087.0
40,South Dakota,3224.0,4567.0,4636.0,4768.0,4833.0,5490.0,5333.0,4390.0,5160.0,6354.0,6627.0,6735.0,7294.0,7113.0,6301.0,6692.0,6745.0,6740.0,7540.0,7322.0,7441.0,5827.0,6082.0,6221.0,6541.0,6781.0,8229.0,8885.0,7246.0,6749.0,7217.0,7542.0,7957.0,9906.0,10818.0,9520.0,8680.0,8763.0,9584.0,10879.0,14550.0,17444.0,15635.0,12712.0,10687.0,10831.0,11342.0,13730.0,14482.0,12577.0,11580.0,11161.0,12070.0,12912.0,15010.0,16884.0,14779.0,13916.0,12950.0,12605.0,13661.0,16428.0,20291.0,17066.0,13624.0,13249.0,14720.0,15111.0,19180.0,22403.0,18280.0,15702.0,15603.0,16515.0,18450.0,21283.0,24617.0,22593.0,18286.0,18147.0,18156.0,20911.0,27605.0,27856.0,24689.0,19060.0,17643.0,17548.0,19275.0,22837.0,24651.0,21837.0,18080.0,17588.0,17963.0,19976.0,22179.0,24397.0,21987.0,18509.0,18119.0,19373.0,21392.0,24905.0,26739.0,22796.0,19824.0,18752.0,20275.0,21654.0,25265.0,27073.0,24730.0,21060.0,20868.0,21684.0,24489.0,30694.0,34387.0,31241.0,29815.0,27126.0,26455.0,26165.0,27936.0,27676.0,21799.0,17204.0,16287.0,15992.0,17003.0,19343.0,21466.0,17206.0,14051.0,13693.0,13838.0,14868.0,16781.0,18678.0,15070.0,13230.0
41,Tennessee,27762.0,41801.0,43201.0,45344.0,46305.0,50413.0,44880.0,33841.0,46050.0,52902.0,53928.0,52158.0,57028.0,49902.0,41660.0,52593.0,55778.0,54539.0,59988.0,66298.0,67262.0,49160.0,56063.0,57149.0,60949.0,67159.0,69627.0,79370.0,61344.0,62801.0,65018.0,68274.0,72971.0,85613.0,92288.0,73895.0,70409.0,70919.0,75621.0,86423.0,109544.0,124101.0,109800.0,91500.0,86225.0,83974.0,90408.0,109204.0,119802.0,95548.0,91440.0,88179.0,92534.0,97584.0,115135.0,125741.0,104207.0,96808.0,94726.0,96858.0,106444.0,123748.0,146148.0,115082.0,95550.0,92784.0,101701.0,106773.0,123039.0,138210.0,105563.0,104757.0,102255.0,107932.0,117224.0,134555.0,145095.0,122018.0,105541.0,108975.0,113954.0,128178.0,154545.0,141081.0,130074.0,114013.0,109012.0,109225.0,113491.0,132098.0,139624.0,112022.0,106734.0,103550.0,109112.0,114814.0,131416.0,137949.0,113391.0,104400.0,103878.0,109420.0,114220.0,132183.0,139910.0,115131.0,103897.0,103272.0,109225.0,114371.0,129584.0,137793.0,117211.0,101228.0,100248.0,103672.0,109387.0,127455.0,134304.0,105561.0,96264.0,93260.0,95592.0,105477.0,121791.0,131294.0,108273.0,93461.0,94625.0,94918.0,103320.0,117084.0,127504.0,96973.0,82624.0,81016.0,81591.0,86048.0,92885.0,108164.0,84198.0,81380.0
42,Texas,51382.0,63476.0,62941.0,62773.0,63937.0,66922.0,62339.0,56256.0,64185.0,70417.0,71702.0,75237.0,75921.0,71665.0,64308.0,71212.0,71839.0,73872.0,77642.0,65675.0,65255.0,52117.0,64167.0,64246.0,69964.0,76877.0,79193.0,85719.0,71967.0,76044.0,75533.0,78490.0,80727.0,89270.0,90115.0,81741.0,83473.0,83039.0,89581.0,99205.0,119873.0,122066.0,109921.0,103233.0,106651.0,99478.0,105948.0,120728.0,129059.0,108397.0,108646.0,101278.0,104571.0,111323.0,123020.0,124973.0,110007.0,112400.0,108911.0,106364.0,110390.0,119829.0,133094.0,115381.0,100395.0,91062.0,102776.0,106071.0,114775.0,124768.0,101492.0,109905.0,106524.0,109513.0,116200.0,117750.0,117523.0,112036.0,109691.0,107045.0,99500.0,105020.0,124200.0,114814.0,111780.0,107485.0,103155.0,107968.0,107858.0,119128.0,113306.0,101357.0,102900.0,95413.0,97414.0,101301.0,108193.0,110077.0,99363.0,94034.0,96230.0,102169.0,106768.0,116429.0,115602.0,102155.0,100471.0,100835.0,108943.0,116862.0,126042.0,120128.0,112802.0,101695.0,98936.0,103779.0,107430.0,119469.0,120896.0,104701.0,105520.0,101687.0,103104.0,115928.0,129503.0,134355.0,120456.0,115497.0,114158.0,111633.0,124003.0,125864.0,129466.0,105653.0,97705.0,102184.0,109771.0,110233.0,122801.0,129557.0,111719.0,120765.0
43,Utah,7687.0,9197.0,9195.0,8978.0,9063.0,10387.0,9946.0,8626.0,10022.0,11018.0,11477.0,11869.0,12544.0,12683.0,10986.0,12085.0,11951.0,12443.0,13301.0,13053.0,13377.0,10233.0,11891.0,11954.0,12587.0,13609.0,14838.0,16106.0,13171.0,13502.0,14077.0,14392.0,15006.0,17276.0,19151.0,16396.0,15981.0,15942.0,17065.0,19601.0,24073.0,26462.0,23670.0,23694.0,21002.0,20136.0,21676.0,24645.0,25734.0,21375.0,21588.0,20545.0,20913.0,22937.0,25956.0,26571.0,22803.0,23405.0,23372.0,22901.0,23969.0,27717.0,30410.0,25488.0,22584.0,21257.0,23818.0,24823.0,28172.0,30184.0,23911.0,25632.0,25204.0,25954.0,27340.0,29819.0,31133.0,27320.0,27741.0,27714.0,27203.0,30731.0,35158.0,32980.0,30539.0,30777.0,28627.0,28501.0,29644.0,33153.0,32567.0,27374.0,27572.0,25897.0,27478.0,31533.0,35011.0,36318.0,30654.0,27177.0,26199.0,26635.0,29340.0,31817.0,34169.0,29109.0,27409.0,27683.0,29307.0,31334.0,34399.0,34954.0,29696.0,26180.0,24303.0,24861.0,26872.0,31455.0,31963.0,25540.0,24947.0,24034.0,24560.0,27089.0,31006.0,32330.0,26562.0,25848.0,25455.0,25948.0,29418.0,30415.0,32510.0,24701.0,23479.0,22848.0,24182.0,27611.0,30162.0,32730.0,26043.0,24295.0
44,Vermont,2040.0,2392.0,2510.0,2537.0,2639.0,2771.0,2591.0,2575.0,2655.0,2732.0,2926.0,3150.0,3095.0,3353.0,2729.0,2792.0,3066.0,3019.0,2936.0,2380.0,2551.0,2132.0,2179.0,2211.0,2443.0,2573.0,2648.0,2507.0,2390.0,2444.0,2705.0,2869.0,2837.0,3271.0,3410.0,3086.0,2909.0,3064.0,3384.0,4010.0,5361.0,5986.0,5648.0,4551.0,4061.0,3846.0,3759.0,4313.0,4678.0,3888.0,4021.0,3841.0,3844.0,4238.0,5220.0,5351.0,4677.0,4532.0,4488.0,4237.0,4570.0,5062.0,6077.0,4816.0,4117.0,3957.0,4571.0,4868.0,5608.0,6482.0,5270.0,5056.0,4759.0,4902.0,5492.0,5890.0,6117.0,5877.0,5415.0,5482.0,5521.0,6987.0,8912.0,9260.0,8654.0,6511.0,5914.0,5991.0,6097.0,6770.0,6707.0,5985.0,5533.0,5344.0,5579.0,6162.0,7032.0,7722.0,7027.0,5937.0,5842.0,5685.0,6018.0,7607.0,8263.0,7474.0,6098.0,6128.0,6534.0,6797.0,7675.0,8134.0,7581.0,6446.0,5506.0,6233.0,6935.0,8088.0,9014.0,7708.0,6777.0,6533.0,6374.0,6994.0,8498.0,9214.0,8260.0,6464.0,6719.0,6592.0,7200.0,7844.0,8729.0,7311.0,5902.0,5940.0,6446.0,6786.0,7991.0,7912.0,6872.0,6106.0
45,Virginia,25351.0,32361.0,35309.0,35164.0,35589.0,37449.0,33156.0,29712.0,34607.0,46930.0,49874.0,48418.0,48557.0,41341.0,38629.0,42343.0,41882.0,43910.0,42481.0,40694.0,39423.0,30267.0,37361.0,37156.0,41318.0,43528.0,42674.0,44959.0,38671.0,40638.0,41718.0,43053.0,44267.0,49549.0,50132.0,42753.0,43086.0,44158.0,46806.0,51589.0,61139.0,65326.0,56522.0,52947.0,55693.0,52742.0,53466.0,60936.0,65615.0,54202.0,56304.0,54411.0,56364.0,58124.0,64294.0,69521.0,59526.0,60819.0,60822.0,60031.0,63231.0,69888.0,85307.0,66639.0,56583.0,55404.0,61754.0,64987.0,71323.0,81025.0,64568.0,67301.0,65559.0,67114.0,70937.0,78510.0,85066.0,73455.0,67460.0,70825.0,70761.0,76839.0,92879.0,87879.0,83645.0,73809.0,70624.0,70986.0,72698.0,82302.0,87198.0,72454.0,67387.0,66369.0,75954.0,80823.0,87469.0,96083.0,78136.0,69533.0,69441.0,71439.0,73960.0,85134.0,93571.0,77179.0,69876.0,69582.0,75656.0,77460.0,85266.0,91749.0,79931.0,68441.0,64708.0,72665.0,73979.0,83888.0,90654.0,74098.0,70279.0,70215.0,71060.0,75758.0,84466.0,87835.0,78374.0,72659.0,75174.0,73683.0,84359.0,85053.0,91181.0,74204.0,63233.0,62676.0,63322.0,65607.0,71418.0,75619.0,66541.0,63565.0
46,Washington,12287.0,14897.0,15526.0,15118.0,15540.0,16027.0,14010.0,13304.0,16468.0,17145.0,17082.0,18039.0,18039.0,16034.0,15232.0,18017.0,17985.0,17874.0,18666.0,15605.0,13189.0,11777.0,15459.0,16294.0,16487.0,17984.0,18597.0,18657.0,17336.0,18387.0,18227.0,18563.0,19354.0,20496.0,18498.0,17641.0,20030.0,20200.0,20752.0,22504.0,24885.0,23941.0,22572.0,21634.0,25720.0,23894.0,24674.0,26826.0,24824.0,22451.0,26366.0,25211.0,25399.0,26212.0,28310.0,26277.0,24502.0,28157.0,27658.0,26527.0,27339.0,29087.0,29177.0,26679.0,25633.0,24501.0,26494.0,26677.0,28526.0,28015.0,25469.0,29679.0,29603.0,29717.0,31223.0,29836.0,27752.0,29032.0,30691.0,31494.0,30113.0,31538.0,35586.0,33392.0,32750.0,32759.0,31839.0,32270.0,33416.0,36563.0,33758.0,30893.0,31697.0,29676.0,30967.0,31720.0,32109.0,32144.0,30013.0,30876.0,32264.0,33513.0,35326.0,37566.0,38193.0,35020.0,35159.0,35977.0,36629.0,37681.0,39388.0,36026.0,34828.0,32550.0,30686.0,31258.0,31658.0,34413.0,32959.0,30051.0,31336.0,30402.0,30597.0,34269.0,36661.0,36232.0,34587.0,34962.0,34586.0,33876.0,41136.0,35846.0,35531.0,30644.0,30248.0,29081.0,29939.0,30921.0,31973.0,32040.0,29617.0,32136.0
47,West Virginia,8836.0,12431.0,12699.0,13111.0,13070.0,13784.0,12077.0,11495.0,13564.0,14870.0,15510.0,15151.0,15592.0,14449.0,11190.0,14749.0,15285.0,15138.0,15720.0,16339.0,16106.0,11364.0,15034.0,14878.0,16118.0,17431.0,17328.0,18096.0,15559.0,16116.0,17877.0,18637.0,18634.0,21340.0,21393.0,17669.0,19112.0,18691.0,19745.0,22049.0,27489.0,28866.0,24379.0,21397.0,21849.0,22283.0,22909.0,26526.0,27816.0,21555.0,21893.0,21866.0,22972.0,23303.0,27338.0,28572.0,23087.0,23775.0,23617.0,23136.0,24929.0,28647.0,32341.0,24364.0,21854.0,21257.0,23397.0,23757.0,27525.0,29899.0,23210.0,23157.0,22916.0,24895.0,27265.0,31478.0,33415.0,27094.0,24612.0,24589.0,24719.0,28142.0,34246.0,30706.0,28777.0,24791.0,23428.0,23796.0,24823.0,30062.0,30793.0,25061.0,22841.0,22741.0,23715.0,25024.0,29657.0,31134.0,25859.0,22680.0,23205.0,23821.0,25554.0,29975.0,31396.0,26096.0,23066.0,23475.0,25357.0,25687.0,29505.0,29959.0,25898.0,23452.0,23935.0,24702.0,25242.0,29891.0,31160.0,25107.0,24190.0,24223.0,24771.0,26760.0,31075.0,31075.0,27357.0,24979.0,25681.0,25467.0,26938.0,30272.0,30636.0,25569.0,22730.0,22331.0,23120.0,23468.0,25761.0,26621.0,23492.0,23126.0
48,Wisconsin,15454.0,19672.0,19162.0,19599.0,20029.0,21694.0,22391.0,19475.0,21716.0,24653.0,24962.0,25783.0,26987.0,26935.0,25127.0,24757.0,25260.0,25027.0,28593.0,27985.0,30692.0,22961.0,22487.0,21570.0,23494.0,25297.0,27100.0,30196.0,21902.0,23070.0,25388.0,25376.0,26813.0,35266.0,37696.0,27739.0,27184.0,27998.0,32596.0,38326.0,52815.0,58824.0,61835.0,48880.0,36898.0,34836.0,36672.0,48487.0,56126.0,46344.0,36999.0,37128.0,38117.0,41543.0,52916.0,62564.0,53497.0,44337.0,39125.0,36931.0,43612.0,54959.0,69040.0,56869.0,38064.0,36693.0,42781.0,44974.0,57211.0,65130.0,57099.0,41845.0,41791.0,43952.0,50492.0,57332.0,71246.0,65853.0,45520.0,48002.0,48206.0,61350.0,85639.0,84767.0,78003.0,53010.0,46779.0,46859.0,49222.0,63387.0,69773.0,62212.0,44196.0,42307.0,43664.0,50324.0,62947.0,71195.0,62352.0,43165.0,42416.0,46451.0,50357.0,64854.0,72097.0,61535.0,45059.0,45166.0,48789.0,52595.0,63231.0,68785.0,60478.0,44245.0,43083.0,44915.0,47442.0,59653.0,64165.0,52828.0,39915.0,39012.0,39686.0,44669.0,55655.0,62779.0,56016.0,38491.0,37773.0,37335.0,43370.0,52706.0,60738.0,51970.0,34932.0,33992.0,34919.0,38344.0,47303.0,59526.0,47855.0,36208.0
49,Wyoming,4376.0,4595.0,4906.0,5123.0,4634.0,5543.0,5512.0,4716.0,5023.0,6151.0,6550.0,6540.0,6628.0,6735.0,5751.0,5744.0,6096.0,6270.0,6981.0,7005.0,7086.0,5683.0,5788.0,6288.0,6822.0,6905.0,7328.0,8063.0,7047.0,6588.0,7179.0,7799.0,7733.0,8329.0,9316.0,8582.0,7713.0,8360.0,9355.0,9655.0,11268.0,12057.0,11348.0,10805.0,9457.0,9926.0,10721.0,11897.0,13178.0,11937.0,10923.0,11335.0,11494.0,11784.0,13313.0,14581.0,13472.0,13091.0,13304.0,13072.0,13782.0,16318.0,19970.0,18060.0,13300.0,12569.0,13955.0,13948.0,15551.0,17738.0,15895.0,15273.0,15094.0,16125.0,16838.0,17702.0,18956.0,18696.0,16174.0,16081.0,16454.0,17882.0,20897.0,20568.0,19798.0,17351.0,17207.0,17961.0,18066.0,19859.0,20055.0,18163.0,16801.0,16109.0,18847.0,19695.0,18913.0,19144.0,18872.0,16888.0,17887.0,18703.0,19505.0,20799.0,21600.0,20660.0,18122.0,18070.0,18776.0,19202.0,20067.0,20611.0,19621.0,17107.0,16980.0,17340.0,18087.0,19364.0,19672.0,18234.0,16476.0,16924.0,17324.0,18027.0,18956.0,19151.0,17811.0,15035.0,14703.0,14710.0,18430.0,16663.0,16743.0,14522.0,12330.0,11956.0,11766.0,12263.0,13213.0,13512.0,11619.0,11364.0
