,ForecastID,Province_State,ID,Confirmed,Deaths,Recovered,Active,Incident_Rate,People_Hospitalized,Testing_Rate,Hospitalization_Rate,Date
0,0.0,Alabama,,234080,3459,90702.0,139919.0,4774.039731317501,,31278.199782386342,,2020-11-24
1,1.0,Alaska,,28273,103,7165.0,21005.0,3864.834015679145,,127540.47939634607,,2020-11-24
3,2.0,Arizona,,302324,6464,48807.0,247053.0,4153.534201151109,,29192.960792403388,,2020-11-24
4,3.0,Arkansas,,146190,2387,127059.0,16744.0,4844.250985153441,,53190.101146396526,,2020-11-24
5,4.0,California,,1128219,18753,,1109466.0,2855.3670594539813,,56836.95397244544,,2020-11-24
6,5.0,Colorado,,202289,2810,11201.0,188278.0,3512.732655221563,,50388.48802931755,,2020-11-24
7,6.0,Connecticut,,106740,4871,9800.0,92069.0,2993.868375813785,,85224.24702415263,,2020-11-24
8,7.0,Delaware,,32211,752,16073.0,15386.0,3307.8856889348963,,70600.47403683027,,2020-11-24
11,8.0,Florida,,944745,18085,,926660.0,4398.7176116366445,,54664.60456238942,,2020-11-24
12,9.0,Georgia,,451056,9215,,441841.0,4248.262502115626,,38987.88811560018,,2020-11-24
15,10.0,Hawaii,,17596,233,11958.0,5405.0,1242.767707815396,,44927.29568774577,,2020-11-24
16,11.0,Idaho,,93090,866,38025.0,54199.0,5209.099836883382,,25397.6212392946,,2020-11-24
17,12.0,Illinois,,664620,12111,,652509.0,5244.86575370659,,78070.71296224908,,2020-11-24
18,13.0,Indiana,,300913,5332,169211.0,126370.0,4469.7446711106695,,58519.2638563897,,2020-11-24
19,14.0,Iowa,,214792,2222,116837.0,95733.0,6807.836276215741,,32974.6408162101,,2020-11-24
20,15.0,Kansas,,144792,1456,3189.0,140255.0,4970.010098465185,,26920.819383011923,,2020-11-24
21,16.0,Kentucky,,160232,1792,26611.0,131829.0,3586.475554500072,,54651.04540999309,,2020-11-24
22,17.0,Louisiana,,221160,6284,185960.0,28916.0,4757.3628773397995,,70172.86633909782,,2020-11-24
23,18.0,Maine,,10544,177,7986.0,2381.0,784.4000797493253,,61400.21068105329,,2020-11-24
24,19.0,Maryland,,183797,4448,8511.0,170838.0,3040.137751253788,,69002.56050601421,,2020-11-24
25,20.0,Massachusetts,,208623,10531,145682.0,52410.0,3026.8104344677117,,114908.06750464965,,2020-11-24
26,21.0,Michigan,,340964,8940,152267.0,179757.0,3414.1271873623505,,62717.78999138568,,2020-11-24
27,22.0,Minnesota,,276500,3321,227311.0,45868.0,4902.80216865214,,66613.86771335434,,2020-11-24
28,23.0,Mississippi,,143879,3676,121637.0,18566.0,4834.4017722230965,,36663.184538139714,,2020-11-24
29,24.0,Missouri,,280645,3580,,277065.0,4572.680934098127,,47938.66420917687,,2020-11-24
30,25.0,Montana,,56381,614,39450.0,16317.0,5275.2769985909135,,57820.61382251506,,2020-11-24
31,26.0,Nebraska,,115921,934,58057.0,56930.0,5992.58274366111,,65268.70236268668,,2020-11-24
32,27.0,Nevada,,136227,2023,,134204.0,4422.730537024748,,49870.07151585829,,2020-11-24
33,28.0,New Hampshire,,18082,512,13226.0,4344.0,1329.841414830063,,56687.85499271537,,2020-11-24
34,29.0,New Jersey,,309588,16772,41550.0,251266.0,3485.4917537229,,63894.89529046327,,2020-11-24
35,30.0,New Mexico,,84148,1400,29183.0,53565.0,4013.1074112385895,,69841.26984126984,,2020-11-24
36,31.0,New York,,602120,34339,83307.0,484474.0,3095.1659698705034,,93493.62823598208,,2020-11-24
37,32.0,North Carolina,,339194,5039,293555.0,40600.0,3234.089276935615,,47518.383720038866,,2020-11-24
38,33.0,North Dakota,,73397,852,62697.0,9848.0,9631.368576310064,,135604.9770228669,,2020-11-24
40,34.0,Ohio,,363304,6020,230678.0,126606.0,3108.0579343148747,,48626.404085857765,,2020-11-24
41,35.0,Oklahoma,,177874,1649,142381.0,33844.0,4495.206055338793,,49722.856194801534,,2020-11-24
42,36.0,Oregon,,66333,826,5870.0,59637.0,1572.7154158734884,,24095.43316712256,,2020-11-24
43,37.0,Pennsylvania,,320158,9846,198072.0,112240.0,2500.8457670132348,,23586.733280273867,,2020-11-24
45,38.0,Rhode Island,,50573,1309,3436.0,45828.0,4773.915596288706,,138581.84320547953,,2020-11-24
46,39.0,South Carolina,,207552,4288,108469.0,94795.0,4031.1425338443737,,44042.16276141965,,2020-11-24
47,40.0,South Dakota,,73848,819,55679.0,17350.0,8347.623208490502,,35414.436522999255,,2020-11-24
48,41.0,Tennessee,,344550,4301,296592.0,43657.0,5045.2660892810745,,63472.44923031687,,2020-11-24
49,42.0,Texas,,1162052,21049,917739.0,221075.0,4000.095737735992,,34914.807382469255,,2020-11-24
50,43.0,Utah,,179420,797,117104.0,61519.0,5596.4551001603895,,54143.69121491922,,2020-11-24
51,44.0,Vermont,,3714,63,2300.0,1351.0,595.2028000493599,,83851.95892876317,,2020-11-24
53,45.0,Virginia,,221038,3942,23253.0,193843.0,2589.625774367089,,37034.17448897952,,2020-11-24
54,46.0,Washington,,147537,2655,,144882.0,1937.4796205278265,,38009.29310497206,,2020-11-24
55,47.0,West Virginia,,41114,667,26769.0,13678.0,2294.1198461956524,,57966.56189475529,,2020-11-24
56,48.0,Wisconsin,,379693,3158,280358.0,96177.0,6521.2074537899425,,72067.28320149271,,2020-11-24
57,49.0,Wyoming,,29431,202,17452.0,11777.0,5085.190899839138,,27855.98150525521,,2020-11-24
50,,Alabama,50.0,236865,3472,90702.0,142691.0,4830.83954613175,,31507.377347581216,,2020-11-25
51,,Alaska,51.0,28863,116,7165.0,21582.0,3945.4852401424378,,128960.07764389069,,2020-11-25
52,,Arizona,52.0,306868,6515,49234.0,251119.0,4215.962785749191,,29401.34916634346,,2020-11-25
53,,Arkansas,53.0,148312,2405,128831.0,17076.0,4914.567016280713,,53611.93105980375,,2020-11-25
54,,California,54.0,1145209,18862,,1126347.0,2898.3664118315996,,57555.26081131907,,2020-11-25
55,,Colorado,55.0,206439,2860,11430.0,192149.0,3584.7970804704364,,51040.07198801959,,2020-11-25
56,,Connecticut,56.0,107280,4881,9800.0,92599.0,3009.0144215598907,,85595.63367549372,,2020-11-25
57,,Delaware,57.0,32664,757,16262.0,15645.0,3354.4062010918456,,71168.06536286,,2020-11-25
58,,Florida,58.0,953300,18157,,935143.0,4438.549554825073,,55139.45440341316,,2020-11-25
59,,Georgia,59.0,454732,9221,,445511.0,4282.884839381458,,39312.20410075025,,2020-11-25
60,,Hawaii,60.0,17656,233,11958.0,5465.0,1247.0053790173124,,45182.40349410116,,2020-11-25
61,,Idaho,61.0,94730,874,38397.0,55459.0,5300.870421613092,,25578.700271114933,,2020-11-25
62,,Illinois,62.0,674089,12261,,661828.0,5319.590609747407,,78838.73990959942,,2020-11-25
63,,Indiana,63.0,306538,5435,173231.0,127872.0,4553.298102750371,,59069.4242121357,,2020-11-25
64,,Iowa,64.0,217784,2270,119713.0,95801.0,6902.667769653289,,33114.60601508049,,2020-11-25
65,,Kansas,65.0,145129,1456,3189.0,140484.0,4981.577680950286,,26920.819383011923,,2020-11-25
66,,Kentucky,66.0,162838,1809,26951.0,134078.0,3644.8056963882536,,55294.04233479039,,2020-11-25
67,,Louisiana,67.0,224403,6323,185960.0,32120.0,4827.122905424504,,70908.3689232089,,2020-11-25
68,,Maine,68.0,10799,189,8232.0,2378.0,803.3703017083615,,62010.605469970506,,2020-11-25
69,,Maryland,69.0,185464,4481,8517.0,172466.0,3067.7111590424897,,69484.92146458298,,2020-11-25
70,,Massachusetts,70.0,211199,10551,145682.0,54966.0,3064.1843754003444,,116080.63137585865,,2020-11-25
71,,Michigan,71.0,347746,9094,152267.0,186385.0,3482.036440493741,,63427.13227995555,,2020-11-25
72,,Minnesota,72.0,282916,3359,233847.0,45710.0,5016.568456948964,,67557.17394326438,,2020-11-25
73,,Mississippi,73.0,144544,3729,121637.0,19178.0,4856.746083613421,,36685.52884953005,,2020-11-25
74,,Missouri,74.0,284612,3769,,280843.0,4637.317130237618,,48237.07911522547,,2020-11-25
75,,Montana,75.0,57504,630,40686.0,16188.0,5380.350269185929,,58271.78328895242,,2020-11-25
76,,Nebraska,76.0,115921,934,58686.0,56301.0,5992.58274366111,,66062.07170359098,,2020-11-25
77,,Nevada,77.0,139098,2047,,137051.0,4515.9401017351065,,50602.177292318964,,2020-11-25
78,,New Hampshire,78.0,18444,513,13226.0,4705.0,1356.4647193410954,,56687.85499271537,,2020-11-25
79,,New Jersey,79.0,313863,16819,41781.0,255263.0,3533.62177571072,,64461.343429942375,,2020-11-25
80,,New Mexico,80.0,86247,1428,29568.0,55251.0,4113.2109485322835,,70453.24153757888,,2020-11-25
81,,New York,81.0,607001,34362,83701.0,488938.0,3120.256491857712,,94340.57343023214,,2020-11-25
82,,North Carolina,82.0,342294,5074,293555.0,43665.0,3263.646629832484,,47947.146495012814,,2020-11-25
83,,North Dakota,83.0,74401,889,64611.0,8901.0,9763.116386855663,,136576.55151418125,,2020-11-25
84,,Ohio,84.0,371840,6100,236618.0,129122.0,3181.0832313865053,,49655.59367273785,,2020-11-25
85,,Oklahoma,85.0,180610,1664,145686.0,33260.0,4564.349852450271,,50821.92919786372,,2020-11-25
86,,Oregon,86.0,67333,847,5870.0,60616.0,1596.424812642419,,24292.22116030468,,2020-11-25
87,,Pennsylvania,87.0,326513,9924,202274.0,114315.0,2550.486490810139,,23780.976534193243,,2020-11-25
88,,Rhode Island,88.0,51424,1325,3469.0,46630.0,4854.24704137683,,139692.22956102784,,2020-11-25
89,,South Carolina,89.0,209230,4313,109724.0,95193.0,4063.733196289404,,44428.41455167251,,2020-11-25
90,,South Dakota,90.0,74859,821,57381.0,16657.0,8461.904530446194,,35696.692171785966,,2020-11-25
91,,Tennessee,91.0,345916,4372,303234.0,38310.0,5065.268508314475,,63557.64254945034,,2020-11-25
92,,Texas,92.0,1181533,21245,927331.0,232957.0,4074.830490578989,,35316.750679174045,,2020-11-25
93,,Utah,93.0,182121,808,118773.0,62540.0,5680.704488330789,,54693.791996027394,,2020-11-25
94,,Vermont,94.0,3762,64,2339.0,1359.0,602.8952433456359,,84608.06200109299,,2020-11-25
95,,Virginia,95.0,223582,3979,23498.0,196105.0,2619.4306403629353,,37341.220844332965,,2020-11-25
96,,Washington,96.0,151019,2690,,148329.0,1983.2058047302828,,38009.29310497206,,2020-11-25
97,,West Virginia,97.0,42083,682,27461.0,13940.0,2348.189071543796,,58791.773219495946,,2020-11-25
98,,Wisconsin,98.0,386441,3272,284903.0,98266.0,6637.104001522386,,72735.25127120376,,2020-11-25
99,,Wyoming,99.0,29959,202,17896.0,11861.0,5176.420582660486,,27947.21118807656,,2020-11-25
100,,Alabama,100.0,239318,3532,161946.0,73840.0,4880.8682519627555,,31685.261722737363,,2020-11-26
101,,Alaska,101.0,29543,116,7165.0,22262.0,4038.4391937611495,,130446.65741683696,,2020-11-26
102,,Arizona,102.0,310850,6524,49810.0,254516.0,4270.670229382458,,29636.253202315736,,2020-11-26
103,,Arkansas,103.0,150277,2425,130818.0,17034.0,4979.680588931554,,54095.825971467995,,2020-11-26
104,,California,104.0,1160940,18968,,1141972.0,2938.179408432677,,57982.946188575625,,2020-11-26
105,,Colorado,105.0,210630,2906,11628.0,196096.0,3657.573467510926,,51754.39540899253,,2020-11-26
106,,Connecticut,106.0,109152,4926,9800.0,94426.0,3061.5207134797283,,86475.8713674383,,2020-11-26
107,,Delaware,107.0,32995,760,16538.0,15697.0,3388.398010195489,,71849.33926495537,,2020-11-26
108,,Florida,108.0,961676,18254,,943422.0,4477.548076876069,,55635.712458905706,,2020-11-26
109,,Georgia,109.0,457909,9297,,448612.0,4312.807354477635,,39519.278830654104,,2020-11-26
110,,Hawaii,110.0,17764,235,11958.0,5571.0,1254.6331871807622,,45262.495479817386,,2020-11-26
111,,Idaho,111.0,96503,895,38397.0,57211.0,5400.083376933688,,25741.704974357403,,2020-11-26
112,,Illinois,112.0,685467,12439,,673028.0,5409.380388185723,,79740.2125550858,,2020-11-26
113,,Indiana,113.0,312521,5498,177972.0,129051.0,4642.169246128208,,59983.105124773865,,2020-11-26
114,,Iowa,114.0,221286,2312,122059.0,96915.0,7013.663722199508,,33300.05356458019,,2020-11-26
115,,Kansas,115.0,150292,1503,3299.0,145490.0,5158.798536649328,,27432.161449126317,,2020-11-26
116,,Kentucky,116.0,166139,1835,27349.0,136955.0,3718.6920349810734,,55512.05291882373,,2020-11-26
117,,Louisiana,117.0,225638,6350,192488.0,26800.0,4853.6889352378275,,71216.42731426687,,2020-11-26
118,,Maine,118.0,11027,190,8592.0,2245.0,820.3319119305586,,62571.2313236305,,2020-11-26
119,,Maryland,119.0,188161,4518,8549.0,175094.0,3112.321525452885,,70237.77308756004,,2020-11-26
120,,Massachusetts,120.0,214594,10604,145682.0,58308.0,3113.440792118625,,117964.31572100875,,2020-11-26
121,,Michigan,121.0,352433,9170,152267.0,190996.0,3528.968122803801,,64009.75802497222,,2020-11-26
122,,Minnesota,122.0,289303,3434,240720.0,45149.0,5129.820527296816,,68675.79303046723,,2020-11-26
123,,Mississippi,123.0,145636,3745,121637.0,20254.0,4893.43779494911,,36722.22056086574,,2020-11-26
124,,Missouri,124.0,289002,3802,,285200.0,4708.845464256363,,48610.11811462392,,2020-11-26
125,,Montana,125.0,58565,652,42012.0,15901.0,5479.62252217018,,58744.753353830274,,2020-11-26
126,,Nebraska,126.0,117682,950,59002.0,57730.0,6083.618347318663,,66825.7678835075,,2020-11-26
127,,Nevada,127.0,142240,2071,,140169.0,4617.94792211823,,51109.65158907536,,2020-11-26
128,,New Hampshire,128.0,18846,514,13969.0,4363.0,1386.0298254555566,,57774.26232486168,,2020-11-26
129,,New Jersey,129.0,317905,16886,42125.0,258894.0,3579.128570769147,,65607.00683052266,,2020-11-26
130,,New Mexico,130.0,88102,1451,30170.0,56481.0,4201.677866912371,,70956.66837877576,,2020-11-26
131,,New York,131.0,613266,34388,84001.0,494877.0,3152.461392544018,,95230.3077056175,,2020-11-26
132,,North Carolina,132.0,346506,5138,293555.0,47813.0,3303.8064912523582,,48479.48395531539,,2020-11-26
133,,North Dakota,133.0,75478,893,65976.0,8609.0,9904.44347047878,,137748.37217969142,,2020-11-26
134,,Ohio,134.0,382743,6274,242146.0,134323.0,3274.358162732802,,50105.55132559394,,2020-11-26
135,,Oklahoma,135.0,184342,1680,149345.0,33317.0,4658.664417808471,,51375.2817496009,,2020-11-26
136,,Oregon,136.0,68503,867,5870.0,61766.0,1624.1648068620684,,24396.30541212029,,2020-11-26
137,,Pennsylvania,137.0,333465,10070,203253.0,120142.0,2604.7905524680577,,23988.850482530488,,2020-11-26
138,,Rhode Island,138.0,52317,1335,3510.0,47472.0,4938.543140629115,,140858.02667834665,,2020-11-26
139,,South Carolina,139.0,210905,4317,111013.0,95575.0,4096.265591757477,,44829.893445237,,2020-11-26
140,,South Dakota,140.0,76142,849,59981.0,15312.0,8606.932162562072,,35986.069208587716,,2020-11-26
141,,Tennessee,141.0,347972,4466,308566.0,34940.0,5095.374638279827,,63768.98582464,,2020-11-26
142,,Texas,142.0,1196711,21454,935011.0,240246.0,4127.17585646044,,35590.71717807091,,2020-11-26
143,,Utah,143.0,183902,834,120890.0,62178.0,5736.257305928524,,55077.63981936133,,2020-11-26
144,,Vermont,144.0,3827,64,2374.0,1389.0,613.3120936426764,,85439.80743250281,,2020-11-26
145,,Virginia,145.0,226300,4008,23625.0,198667.0,2651.274046721705,,37652.84805762836,,2020-11-26
146,,Washington,146.0,153906,2704,,151202.0,2021.1183532060136,,38009.29310497206,,2020-11-26
147,,West Virginia,147.0,43050,695,28072.0,14283.0,2402.1466989036057,,59668.26381987637,,2020-11-26
148,,Wisconsin,148.0,392438,3343,290969.0,98126.0,6740.102163459474,,73537.06370909486,,2020-11-26
149,,Wyoming,149.0,30761,215,20113.0,10433.0,5314.992941794426,,66528.55506350657,,2020-11-26
150,,Alabama,150.0,241957,3572,161946.0,76439.0,4934.690410416903,,31876.05607375614,,2020-11-27
151,,Alaska,151.0,30102,119,7165.0,22818.0,4114.852811515355,,132537.71128228612,,2020-11-27
152,,Arizona,152.0,314324,6568,50352.0,257404.0,4318.3984210404105,,29932.266909126978,,2020-11-27
153,,Arkansas,153.0,152625,2436,132580.0,17609.0,5057.485509330626,,54580.88066686902,,2020-11-27
154,,California,154.0,1171802,19025,,1152777.0,2965.669635950374,,58454.68375697312,,2020-11-27
155,,Colorado,155.0,216683,2957,11782.0,201944.0,3762.6833388438013,,52896.13901383915,,2020-11-27
156,,Connecticut,156.0,109152,4926,9800.0,94426.0,3061.5207134797283,,86475.8713674383,,2020-11-27
157,,Delaware,157.0,33579,761,16712.0,16106.0,3448.371473991645,,72459.75410879844,,2020-11-27
158,,Florida,158.0,961676,18254,,943422.0,4477.548076876069,,55635.712458905706,,2020-11-27
159,,Georgia,159.0,461517,9336,,452181.0,4346.789235014937,,39809.01015246355,,2020-11-27
160,,Hawaii,160.0,17881,237,11958.0,5686.0,1262.8966460244994,,45901.04190209285,,2020-11-27
161,,Idaho,161.0,96503,895,39199.0,56409.0,5400.083376933688,,25989.317680106768,,2020-11-27
162,,Illinois,162.0,697489,12594,,684895.0,5504.252309119583,,80588.99348404622,,2020-11-27
163,,Indiana,163.0,318894,5561,182726.0,130607.0,4736.8334274330655,,60904.88143656647,,2020-11-27
164,,Iowa,164.0,223323,2349,124520.0,96454.0,7078.2264735806175,,33524.390900994265,,2020-11-27
165,,Kansas,165.0,150647,1503,3299.0,145845.0,5170.98397220485,,27432.161449126317,,2020-11-27
166,,Kentucky,166.0,166139,1835,27349.0,136955.0,3718.6920349810734,,55512.05291882373,,2020-11-27
167,,Louisiana,167.0,225638,6350,192488.0,26800.0,4853.6889352378275,,71216.42731426687,,2020-11-27
168,,Maine,168.0,11265,190,8791.0,2284.0,838.037452425659,,62588.936864125586,,2020-11-27
169,,Maryland,169.0,190480,4547,8561.0,177372.0,3150.679493456485,,70928.69619298408,,2020-11-27
170,,Massachusetts,170.0,214594,10604,145682.0,58308.0,3113.440792118625,,117964.31572100875,,2020-11-27
171,,Michigan,171.0,352433,9170,152267.0,190996.0,3528.968122803801,,64009.75802497222,,2020-11-27
172,,Minnesota,172.0,289303,3434,240720.0,45149.0,5129.820527296816,,68675.79303046723,,2020-11-27
173,,Mississippi,173.0,147382,3763,121637.0,21982.0,4952.104212524306,,36780.88697844093,,2020-11-27
174,,Missouri,174.0,293496,3835,,289661.0,4782.068319172136,,49037.05591332394,,2020-11-27
175,,Montana,175.0,59682,658,43077.0,15947.0,5584.134403964154,,59126.123479338086,,2020-11-27
176,,Nebraska,176.0,122952,982,59677.0,62293.0,6356.053118059893,,67918.24682280057,,2020-11-27
177,,Nevada,177.0,144781,2093,,142688.0,4700.443743758433,,51715.400129084366,,2020-11-27
178,,New Hampshire,178.0,18846,514,13969.0,4363.0,1386.0298254555566,,57774.26232486168,,2020-11-27
179,,New Jersey,179.0,322378,16925,42489.0,262964.0,3629.487772722718,,65657.36603247622,,2020-11-27
180,,New Mexico,180.0,89796,1469,30777.0,57550.0,4282.466524451923,,71768.1794748165,,2020-11-27
181,,New York,181.0,620199,34443,84339.0,501417.0,3188.100111850987,,96349.49097494283,,2020-11-27
182,,North Carolina,182.0,346506,5138,293555.0,47813.0,3303.8064912523582,,48479.48395531539,,2020-11-27
183,,North Dakota,183.0,76442,903,67200.0,8339.0,10030.942364269577,,138835.6852854492,,2020-11-27
184,,Ohio,184.0,382743,6274,242146.0,134323.0,3274.358162732802,,50105.55132559394,,2020-11-27
185,,Oklahoma,185.0,184342,1680,149345.0,33317.0,4658.664417808471,,52004.677315047295,,2020-11-27
186,,Oregon,186.0,68503,867,5870.0,61766.0,1624.1648068620684,,24436.398002056558,,2020-11-27
187,,Pennsylvania,187.0,340642,10172,203253.0,127217.0,2660.852153520832,,24226.571355435473,,2020-11-27
188,,Rhode Island,188.0,52317,1335,3510.0,47472.0,4938.543140629115,,140858.02667834665,,2020-11-27
189,,South Carolina,189.0,210905,4317,111013.0,95575.0,4096.265591757477,,44829.893445237,,2020-11-27
190,,South Dakota,190.0,76142,849,59981.0,15312.0,8606.932162562072,,35986.069208587716,,2020-11-27
191,,Tennessee,191.0,352376,4519,312885.0,34972.0,5159.862671532458,,64308.17255498249,,2020-11-27
192,,Texas,192.0,1202804,21639,943457.0,237708.0,4148.189185905405,,35819.549680176984,,2020-11-27
193,,Utah,193.0,183902,834,120890.0,62178.0,5736.257305928524,,55077.63981936133,,2020-11-27
194,,Vermont,194.0,3827,64,2374.0,1389.0,613.3120936426764,,85439.80743250281,,2020-11-27
195,,Virginia,195.0,228900,4029,23749.0,201122.0,2681.7349946734353,,37922.62661473778,,2020-11-27
196,,Washington,196.0,153906,2704,,151202.0,2021.1183532060136,,38009.29310497206,,2020-11-27
197,,West Virginia,197.0,44180,712,28718.0,14750.0,2465.19956231269,,60547.432771976855,,2020-11-27
198,,Wisconsin,198.0,398104,3415,296577.0,98112.0,6837.4154176758375,,74165.11720012627,,2020-11-27
199,,Wyoming,199.0,30761,215,20113.0,10433.0,5314.992941794426,,66528.55506350657,,2020-11-27
200,,Alabama,200.0,242874,3572,161946.0,77356.0,4953.392539747124,,31973.360173030385,,2020-11-28
201,,Alaska,201.0,30776,119,7165.0,23492.0,4206.986583190371,,135435.68748334007,,2020-11-28
202,,Arizona,202.0,318638,6588,50892.0,261158.0,4377.667108090615,,30273.42593481791,,2020-11-28
203,,Arkansas,203.0,153677,2436,134312.0,16929.0,5092.345294790516,,54874.140268884265,,2020-11-28
204,,California,204.0,1185576,19089,,1166487.0,3000.529734811428,,59009.380464369206,,2020-11-28
205,,Colorado,205.0,220953,2977,11957.0,206019.0,3836.8315547022817,,53689.524923524885,,2020-11-28
206,,Connecticut,206.0,112581,4961,9800.0,97820.0,3157.6981039675065,,88481.43221008574,,2020-11-28
207,,Delaware,207.0,34170,763,16874.0,16533.0,3509.063797799056,,72836.02597754692,,2020-11-28
208,,Florida,208.0,979020,18363,,960657.0,4558.3014635107975,,56765.673217806885,,2020-11-28
209,,Georgia,209.0,464526,9380,,455146.0,4375.129445252393,,40107.78321632283,,2020-11-28
210,,Hawaii,210.0,18006,240,11958.0,5808.0,1271.7251276951588,,46301.00743570041,,2020-11-28
211,,Idaho,211.0,98500,909,39199.0,58392.0,5511.830851144196,,25989.317680106768,,2020-11-28
212,,Illinois,212.0,705063,12685,,692378.0,5564.022724121498,,81197.6668546691,,2020-11-28
213,,Indiana,213.0,324537,5594,187259.0,131684.0,4820.654230054013,,61623.01018430921,,2020-11-28
214,,Iowa,214.0,225056,2360,127348.0,95348.0,7133.153939532245,,33611.869150288265,,2020-11-28
215,,Kansas,215.0,155411,1529,3352.0,150530.0,5334.509084842896,,27886.592382420844,,2020-11-28
216,,Kentucky,216.0,171755,1871,27866.0,142018.0,3844.395057561285,,56596.7562979654,,2020-11-28
217,,Louisiana,217.0,230602,6391,192488.0,31723.0,4960.469317418669,,72679.98969195019,,2020-11-28
218,,Maine,218.0,11265,190,8800.0,2275.0,838.037452425659,,62588.936864125586,,2020-11-28
219,,Maryland,219.0,192858,4569,8565.0,179724.0,3190.013364915113,,71711.40384539044,,2020-11-28
220,,Massachusetts,220.0,219252,10635,155473.0,53144.0,3181.0214663671527,,119701.59461664365,,2020-11-28
221,,Michigan,221.0,369801,9357,152267.0,208177.0,3702.876690834764,,65223.29297395567,,2020-11-28
222,,Minnesota,222.0,295001,3535,244982.0,46484.0,5230.855488443218,,69545.95619004928,,2020-11-28
223,,Mississippi,223.0,148387,3769,121637.0,22981.0,4985.872683121712,,36814.655449038335,,2020-11-28
224,,Missouri,224.0,296665,3836,,292829.0,4833.702326120974,,49333.67853765454,,2020-11-28
225,,Montana,225.0,59796,657,43290.0,15849.0,5594.80079118395,,60116.694018776594,,2020-11-28
226,,Nebraska,226.0,124066,984,60654.0,62428.0,6413.641796353199,,68889.34495721689,,2020-11-28
227,,Nevada,227.0,146317,2095,,144222.0,4750.3113478667965,,52172.84449229195,,2020-11-28
228,,New Hampshire,228.0,19323,517,14226.0,4580.0,1421.1108095764469,,57774.26232486168,,2020-11-28
229,,New Jersey,229.0,326473,16942,42923.0,266608.0,3675.5912674689453,,65703.46952722245,,2020-11-28
230,,New Mexico,230.0,91852,1504,31102.0,59246.0,4380.519346117399,,72573.72918821707,,2020-11-28
231,,New York,231.0,628375,34477,84723.0,509175.0,3230.128406824849,,97477.52095361873,,2020-11-28
232,,North Carolina,232.0,354514,5210,293555.0,55749.0,3380.1598080259473,,49511.636253104014,,2020-11-28
233,,North Dakota,233.0,77232,908,68105.0,8219.0,10134.608470176967,,139773.01059493847,,2020-11-28
234,,Ohio,234.0,399808,6346,254775.0,138687.0,3420.348872026076,,50641.54639792627,,2020-11-28
235,,Oklahoma,235.0,187567,1704,152969.0,32894.0,4740.166152342285,,52086.17904958112,,2020-11-28
236,,Oregon,236.0,70832,885,5870.0,64077.0,1679.3839919369086,,24454.72536575893,,2020-11-28
237,,Pennsylvania,237.0,349238,10195,209604.0,129439.0,2727.997969690491,,24446.89649397449,,2020-11-28
238,,Rhode Island,238.0,53954,1346,3619.0,48989.0,5093.070256503685,,143390.30793091306,,2020-11-28
239,,South Carolina,239.0,213120,4346,112233.0,96541.0,4139.286043077941,,45429.53832743476,,2020-11-28
240,,South Dakota,240.0,78280,888,61010.0,16382.0,8848.607203453534,,36565.953661241234,,2020-11-28
241,,Tennessee,241.0,356716,4526,318523.0,33667.0,5223.413548988501,,64819.464257317224,,2020-11-28
242,,Texas,242.0,1207243,21693,946663.0,238887.0,4163.498256873106,,36207.070238700464,,2020-11-28
243,,Utah,243.0,190044,849,126690.0,62505.0,5927.838106425599,,56064.45873589112,,2020-11-28
244,,Vermont,244.0,4005,67,2439.0,1499.0,641.8382375330334,,87530.22889826584,,2020-11-28
245,,Virginia,245.0,230444,4044,23858.0,202542.0,2699.824111457077,,38307.10235663467,,2020-11-28
246,,Washington,246.0,158167,2703,,155464.0,2077.074490738084,,38009.29310497206,,2020-11-28
247,,West Virginia,247.0,45046,712,29008.0,15326.0,2513.5214912615984,,61493.504718083954,,2020-11-28
248,,Wisconsin,248.0,399526,3434,301541.0,94551.0,6861.838193442813,,74743.31181770372,,2020-11-28
249,,Wyoming,249.0,31773,215,21700.0,9858.0,5489.849833868674,,67992.37679241273,,2020-11-28
250,,Alabama,250.0,244993,3572,161946.0,79475.0,4996.609346781735,,32099.584249829448,,2020-11-29
251,,Alaska,251.0,31444,121,7165.0,24158.0,4298.300172921693,,136567.67526262908,,2020-11-29
252,,Arizona,252.0,322774,6624,51333.0,264817.0,4434.4903092124605,,30470.80962208037,,2020-11-29
253,,Arkansas,253.0,155026,2449,134312.0,18265.0,5137.04667367397,,54874.140268884265,,2020-11-29
254,,California,254.0,1200624,19116,,1181508.0,3038.6141523852,,59660.48025189572,,2020-11-29
255,,Colorado,255.0,225283,2983,12153.0,210147.0,3912.0216658655654,,54581.890887166905,,2020-11-29
256,,Connecticut,256.0,112581,4961,9800.0,97820.0,3157.6981039675065,,88481.43221008574,,2020-11-29
257,,Delaware,257.0,34670,763,17082.0,16825.0,3560.4109414601485,,73959.3987865643,,2020-11-29
258,,Florida,258.0,985297,18442,,966855.0,4587.527075129005,,57134.78100602497,,2020-11-29
259,,Georgia,259.0,467564,9424,,458140.0,4403.742791447605,,40396.092347455684,,2020-11-29
260,,Hawaii,260.0,18082,240,11958.0,5884.0,1277.0928445509198,,46594.60742213985,,2020-11-29
261,,Idaho,261.0,99660,913,39900.0,58847.0,5576.74175253838,,26238.273370022915,,2020-11-29
262,,Illinois,262.0,712936,12838,,700098.0,5626.152705282058,,81821.53141209933,,2020-11-29
263,,Indiana,263.0,329008,5663,189640.0,133705.0,4887.066211007099,,62140.00168443718,,2020-11-29
264,,Iowa,264.0,227179,2375,130008.0,94796.0,7200.442462449328,,33713.3882924943,,2020-11-29
265,,Kansas,265.0,155500,1529,3352.0,150619.0,5337.564025024422,,27886.592382420844,,2020-11-29
266,,Kentucky,266.0,174182,1885,27998.0,144299.0,3898.718639434891,,57043.74514428429,,2020-11-29
267,,Louisiana,267.0,230602,6391,192488.0,31723.0,4960.469317418669,,72679.98969195019,,2020-11-29
268,,Maine,268.0,11288,191,8822.0,2275.0,839.7484920533368,,62590.64790375327,,2020-11-29
269,,Maryland,269.0,194448,4602,8599.0,181247.0,3216.3131359913195,,72169.71457305051,,2020-11-29
270,,Massachusetts,270.0,222469,10676,155473.0,56320.0,3227.695366980617,,120750.1106637168,,2020-11-29
271,,Michigan,271.0,378152,9467,165269.0,203416.0,3786.496592471485,,65830.93159339321,,2020-11-29
272,,Minnesota,272.0,304023,3580,257485.0,42958.0,5390.8304655339225,,71409.88986515433,,2020-11-29
273,,Mississippi,273.0,149940,3779,121637.0,24524.0,5038.054210323475,,36866.8369762401,,2020-11-29
274,,Missouri,274.0,299095,3844,,295251.0,4873.295458618823,,49567.147671630526,,2020-11-29
275,,Montana,275.0,60845,669,44100.0,16076.0,5692.950266566116,,60386.067078476524,,2020-11-29
276,,Nebraska,276.0,125323,989,61605.0,62729.0,6478.622917192238,,69237.97875112179,,2020-11-29
277,,Nevada,277.0,149229,2119,,147110.0,4844.852013988902,,52686.16264890479,,2020-11-29
278,,New Hampshire,278.0,20025,523,14642.0,4860.0,1472.7394277166254,,57774.26232486168,,2020-11-29
279,,New Jersey,279.0,329553,16965,43167.0,269421.0,3710.267400269528,,66915.74938162773,,2020-11-29
280,,New Mexico,280.0,93982,1527,31482.0,60973.0,4482.101306305855,,73263.10347672603,,2020-11-29
281,,New York,281.0,634438,34514,84938.0,514986.0,3261.2949372096973,,98260.69376192873,,2020-11-29
282,,North Carolina,282.0,357958,5219,293555.0,59184.0,3412.9970736313708,,50007.74211953299,,2020-11-29
283,,North Dakota,283.0,77935,921,69669.0,7345.0,10226.85818214266,,140681.46686227628,,2020-11-29
284,,Ohio,284.0,406703,6378,261353.0,138972.0,3479.3354492646995,,51575.476298431866,,2020-11-29
285,,Oklahoma,285.0,193824,1717,159894.0,32213.0,4898.292153265717,,52244.30505050454,,2020-11-29
286,,Oregon,286.0,72506,896,5870.0,65740.0,1719.0735221280984,,24495.363271820883,,2020-11-29
287,,Pennsylvania,287.0,355945,10234,214516.0,131195.0,2780.3882662295678,,24653.442523657846,,2020-11-29
288,,Rhode Island,288.0,53954,1346,3619.0,48989.0,5093.070256503685,,143390.30793091306,,2020-11-29
289,,South Carolina,289.0,214911,4346,112978.0,97587.0,4174.071428321713,,46035.43719849267,,2020-11-29
290,,South Dakota,290.0,79099,942,61051.0,17106.0,8941.185247649095,,36779.82137750252,,2020-11-29
291,,Tennessee,291.0,363466,4541,323376.0,35549.0,5322.254199409766,,65459.17558990298,,2020-11-29
292,,Texas,292.0,1213577,21788,950586.0,241203.0,4185.34273885315,,36684.00004814477,,2020-11-29
293,,Utah,293.0,192087,863,129652.0,61572.0,5991.563208251637,,56397.650873779385,,2020-11-29
294,,Vermont,294.0,4033,67,2474.0,1492.0,646.3254961225279,,87740.64927426605,,2020-11-29
295,,Virginia,295.0,233617,4054,23957.0,205606.0,2736.9981837073997,,38605.83053004744,,2020-11-29
296,,Washington,296.0,160634,2703,,157931.0,2109.4715316420074,,38009.29310497206,,2020-11-29
297,,West Virginia,297.0,45845,718,29396.0,15731.0,2558.104887601296,,62216.71548148673,,2020-11-29
298,,Wisconsin,298.0,404999,3464,306770.0,94765.0,6955.836682734402,,75107.57528552492,,2020-11-29
299,,Wyoming,299.0,31928,215,22798.0,8915.0,5516.631274848426,,67968.87823774663,,2020-11-29
300,,Alabama,300.0,247229,3577,161946.0,81706.0,5042.212357885742,,32218.09905194277,,2020-11-30
301,,Alaska,301.0,32065,121,7165.0,24779.0,4383.189004094074,,137541.77801775697,,2020-11-30
302,,Arizona,302.0,325995,6634,51911.0,267450.0,4478.742613567748,,30724.164711995265,,2020-11-30
303,,Arkansas,303.0,156247,2470,136872.0,16905.0,5177.506557748615,,55531.37314418034,,2020-11-30
304,,California,304.0,1215455,19151,,1196304.0,3076.149372815597,,60253.509401381954,,2020-11-30
305,,Colorado,305.0,228772,3003,12345.0,213424.0,3972.607877839859,,55135.81452596542,,2020-11-30
306,,Connecticut,306.0,112581,4961,9800.0,97820.0,3157.6981039675065,,88481.43221008574,,2020-11-30
307,,Delaware,307.0,35251,770,17279.0,17202.0,3620.0763223943377,,74911.78560719025,,2020-11-30
308,,Florida,308.0,992660,18500,,974160.0,4621.809085379898,,57530.958685265585,,2020-11-30
309,,Georgia,309.0,469516,9442,,460074.0,4422.127666948939,,40527.03749299618,,2020-11-30
310,,Hawaii,310.0,18138,244,11958.0,5936.0,1281.0480043393752,,46984.261289156086,,2020-11-30
311,,Idaho,311.0,100484,920,40120.0,59444.0,5622.850875597698,,26364.12217798457,,2020-11-30
312,,Illinois,312.0,720114,12882,,707232.0,5682.798076140753,,82316.64572913396,,2020-11-30
313,,Indiana,313.0,333312,5685,191290.0,136337.0,4950.997583411949,,62713.76495624992,,2020-11-30
314,,Iowa,314.0,228690,2399,131098.0,95193.0,7248.333634436003,,33849.80364936436,,2020-11-30
315,,Kansas,315.0,155500,1529,3352.0,150619.0,5337.564025024422,,27886.592382420844,,2020-11-30
316,,Kentucky,316.0,176925,1896,27998.0,147031.0,3960.115254630319,,57043.74514428429,,2020-11-30
317,,Louisiana,317.0,232245,6407,192488.0,33350.0,4995.81181700028,,73195.45671414994,,2020-11-30
318,,Maine,318.0,11508,191,8952.0,2365.0,856.1149580572113,,62607.014369757155,,2020-11-30
319,,Maryland,319.0,196447,4625,8607.0,183215.0,3249.3780683066248,,72818.92194095619,,2020-11-30
320,,Massachusetts,320.0,224964,10722,155473.0,58769.0,3263.894118000384,,121456.45783541915,,2020-11-30
321,,Michigan,321.0,378152,9467,165269.0,203416.0,3786.496592471485,,65830.93159339321,,2020-11-30
322,,Minnesota,322.0,312969,3637,265223.0,44109.0,5549.457836965249,,72996.62460245633,,2020-11-30
323,,Mississippi,323.0,151785,3806,121637.0,26342.0,5100.047074256026,,36928.82984017265,,2020-11-30
324,,Missouri,324.0,302409,3850,,298559.0,4927.292018741401,,49833.72513697921,,2020-11-30
325,,Montana,325.0,61801,671,44100.0,17030.0,5782.398215532131,,60837.985063315304,,2020-11-30
326,,Nebraska,326.0,126466,989,62686.0,62791.0,6537.710762155657,,69697.0856199933,,2020-11-30
327,,Nevada,327.0,150527,2136,,148391.0,4886.992736731516,,52831.9344864351,,2020-11-30
328,,New Hampshire,328.0,20516,526,14999.0,4991.0,1508.8500423987155,,59620.24283101336,,2020-11-30
329,,New Jersey,329.0,334114,16978,43504.0,273632.0,3761.6173488745453,,66958.97070429703,,2020-11-30
330,,New Mexico,330.0,95417,1540,32050.0,61827.0,4550.537979014979,,73786.22672616603,,2020-11-30
331,,New York,331.0,641161,34561,85287.0,521313.0,3295.8541626389124,,99069.38888977704,,2020-11-30
332,,North Carolina,332.0,361778,5240,293555.0,62983.0,3449.4193601042853,,50404.706903567894,,2020-11-30
333,,North Dakota,333.0,78658,926,70901.0,6831.0,10321.732352485755,,141851.97529859777,,2020-11-30
334,,Ohio,334.0,414432,6399,266341.0,141692.0,3545.456878630519,,52044.083804570066,,2020-11-30
335,,Oklahoma,335.0,195545,1736,161955.0,31854.0,4941.7850168727555,,52287.79791411158,,2020-11-30
336,,Oregon,336.0,74119,905,5870.0,67344.0,1757.316779116384,,24724.30120702168,,2020-11-30
337,,Pennsylvania,337.0,360944,10297,214516.0,136131.0,2819.436885940145,,24809.215193045395,,2020-11-30
338,,Rhode Island,338.0,53954,1346,3619.0,48989.0,5093.070256503685,,143390.30793091306,,2020-11-30
339,,South Carolina,339.0,216129,4353,113704.0,98072.0,4197.727820966556,,46353.06991221498,,2020-11-30
340,,South Dakota,340.0,79900,943,62027.0,16930.0,9031.728609554642,,37047.49513654414,,2020-11-30
341,,Tennessee,341.0,366518,4554,325993.0,35971.0,5366.9448164595005,,65739.2973147265,,2020-11-30
342,,Texas,342.0,1225118,21843,954465.0,248810.0,4225.144943862889,,36914.474162726765,,2020-11-30
343,,Utah,343.0,193809,868,132081.0,60860.0,6045.275702301778,,56676.72502259856,,2020-11-30
344,,Vermont,344.0,4100,67,2494.0,1539.0,657.0628648902465,,88301.3963387175,,2020-11-30
345,,Virginia,345.0,235942,4058,24062.0,207822.0,2764.2373006257726,,38771.43264516194,,2020-11-30
346,,Washington,346.0,162700,2703,,159997.0,2136.6025760309435,,38009.29310497206,,2020-11-30
347,,West Virginia,347.0,46997,729,29898.0,16370.0,2622.385328882061,,63009.67498759867,,2020-11-30
348,,Wisconsin,348.0,409054,3487,311438.0,94129.0,7025.481096050207,,75537.99665225919,,2020-11-30
349,,Wyoming,349.0,32489,215,23022.0,9252.0,5613.5628128461085,,67968.87823774663,,2020-11-30
350,,Alabama,350.0,249524,3578,161946.0,84000.0,5089.0186684777345,,32312.609049016093,,2020-12-01
351,,Alaska,351.0,32576,121,7165.0,25290.0,4453.0411662987235,,138254.7895208087,,2020-12-01
352,,Arizona,352.0,326817,6639,52438.0,267740.0,4490.035812630164,,30962.723238175084,,2020-12-01
353,,Arkansas,353.0,157359,2502,138696.0,16161.0,5214.354543900135,,55784.172862120926,,2020-12-01
354,,California,354.0,1230264,19173,,1211091.0,3113.628914272933,,60804.402222573,,2020-12-01
355,,Colorado,355.0,232905,3037,12538.0,217330.0,4044.3770994190386,,55895.095729340595,,2020-12-01
356,,Connecticut,356.0,117295,5020,9800.0,102475.0,3289.9174736844466,,91478.02126448727,,2020-12-01
357,,Delaware,357.0,35654,772,17463.0,17419.0,3661.4621201851783,,76038.34193911463,,2020-12-01
358,,Florida,358.0,999319,18597,,980722.0,4652.813282889161,,57863.475095164824,,2020-12-01
359,,Georgia,359.0,471563,9452,,462111.0,4441.407298173956,,40635.547816075516,,2020-12-01
360,,Hawaii,360.0,18223,244,11958.0,6021.0,1287.0513718754235,,47303.852325633954,,2020-12-01
361,,Idaho,361.0,101698,929,40461.0,60308.0,5690.78349136713,,26470.050054139047,,2020-12-01
362,,Illinois,362.0,726304,12985,,713319.0,5731.646619692623,,82845.22011477278,,2020-12-01
363,,Indiana,363.0,338977,5723,197078.0,136176.0,5035.145172787754,,63277.264153171476,,2020-12-01
364,,Iowa,364.0,230631,2426,132271.0,95934.0,7309.853664102539,,33939.53224492642,,2020-12-01
365,,Kansas,365.0,159915,1560,3403.0,154952.0,5489.109653130421,,28245.633666676506,,2020-12-01
366,,Kentucky,366.0,179041,1908,28281.0,148852.0,4007.477718266311,,57818.018462855274,,2020-12-01
367,,Louisiana,367.0,232414,6420,192488.0,33506.0,4999.447168448419,,73217.24731188348,,2020-12-01
368,,Maine,368.0,11757,194,9098.0,2465.0,874.6388218525052,,65153.33890785085,,2020-12-01
369,,Maryland,369.0,198370,4641,8608.0,185121.0,3281.1859046459613,,73271.31108494,,2020-12-01
370,,Massachusetts,370.0,226132,10748,155473.0,59911.0,3280.8400663735656,,121880.01949364404,,2020-12-01
371,,Michigan,371.0,388942,9564,165269.0,214109.0,3894.53859207156,,66861.23572210957,,2020-12-01
372,,Minnesota,372.0,318763,3652,272608.0,42503.0,5652.195036839284,,73703.78067221407,,2020-12-01
373,,Mississippi,373.0,153270,3807,128746.0,20717.0,5149.943769616373,,38158.8757820929,,2020-12-01
374,,Missouri,374.0,306206,3861,,302345.0,4989.15832495306,,50124.85686186461,,2020-12-01
375,,Montana,375.0,62198,681,45486.0,16031.0,5819.543441201073,,61380.47377472216,,2020-12-01
376,,Nebraska,376.0,128407,1018,63562.0,63827.0,6638.051538248394,,70004.41478736648,,2020-12-01
377,,Nevada,377.0,152171,2144,,150027.0,4940.366656753748,,53182.33881660539,,2020-12-01
378,,New Hampshire,378.0,21030,526,14999.0,5505.0,1546.6521930027775,,59620.24283101336,,2020-12-01
379,,New Jersey,379.0,337304,16993,43771.0,276540.0,3797.5319149894335,,68524.72194357472,,2020-12-01
380,,New Mexico,380.0,97095,1568,32569.0,62958.0,4630.563579576588,,74316.55132583535,,2020-12-01
381,,New York,381.0,647980,34605,85556.0,527819.0,3330.9068709836724,,99835.18184665524,,2020-12-01
382,,North Carolina,382.0,364512,5261,315979.0,43272.0,3475.4870384333312,,50688.80073805664,,2020-12-01
383,,North Dakota,383.0,79252,933,71848.0,6471.0,10399.678766294606,,142782.21457046806,,2020-12-01
384,,Ohio,384.0,421063,6429,271326.0,143308.0,3602.184941526722,,52430.01599780993,,2020-12-01
385,,Oklahoma,385.0,197745,1743,163727.0,32275.0,4997.383099345434,,52343.39599658426,,2020-12-01
386,,Oregon,386.0,75431,912,5870.0,68649.0,1788.4235076772213,,24755.384226185757,,2020-12-01
387,,Pennsylvania,387.0,366835,10335,216878.0,139622.0,2865.4531729405485,,24914.19887956473,,2020-12-01
388,,Rhode Island,388.0,56723,1373,3737.0,51613.0,5354.454241755171,,146329.72140752774,,2020-12-01
389,,South Carolina,389.0,217487,4381,114457.0,98649.0,4224.10333920276,,46603.151777317595,,2020-12-01
390,,South Dakota,390.0,80464,946,62334.0,17184.0,9095.481987975028,,37172.741135284894,,2020-12-01
391,,Tennessee,391.0,374493,4602,328710.0,41181.0,5483.723214549812,,66559.08899085014,,2020-12-01
392,,Texas,392.0,1238752,21896,962639.0,254217.0,4272.1654154947055,,37114.78537244653,,2020-12-01
393,,Utah,393.0,195706,871,134296.0,60539.0,6104.4467831456295,,56895.50518129059,,2020-12-01
394,,Vermont,394.0,4172,69,2523.0,1580.0,668.6015298346606,,88615.98521768814,,2020-12-01
395,,Virginia,395.0,237835,4062,24199.0,209574.0,2786.415213884475,,38970.41292978201,,2020-12-01
396,,Washington,396.0,165019,2774,,162245.0,2167.0560571238493,,38009.29310497206,,2020-12-01
397,,West Virginia,397.0,47842,735,30320.0,16787.0,2669.5354789534563,,63496.52121170864,,2020-12-01
398,,Wisconsin,398.0,411730,3494,315086.0,93150.0,7071.4412563543,,76016.83419683245,,2020-12-01
399,,Wyoming,399.0,33305,215,24478.0,8612.0,5754.554140842734,,72497.70629916771,,2020-12-01
